-- arraysinsert into arrays (array_code,description, geo_location, array_name) values ('CE', 'Endurance (CE)', ST_MakeEnvelope(44.37, -124.95, 44.37, -124.95, 4326), 'Endurance');insert into arrays (array_code,description, geo_location, array_name) values ('GP', 'PAPA (GP)', ST_MakeEnvelope(49.9795, -144.254, 49.9795, -144.254, 4326), 'PAPA');insert into arrays (array_code,description, geo_location, array_name) values ('CP', 'Pioneer (CP)', ST_MakeEnvelope(40.1, -70.88, 40.1, -70.88, 4326), 'Pioneer');insert into arrays (array_code,description, geo_location, array_name) values ('GA', 'Argentine (GA)', ST_MakeEnvelope(-42.5073, -42.8905, -42.5073, -42.8905, 4326), 'Argentine');insert into arrays (array_code,description, geo_location, array_name) values ('GI', 'Irminger (GI)', ST_MakeEnvelope(60.4582, -38.4407, 60.4582, -38.4407, 4326), 'Irminger');insert into arrays (array_code,description, geo_location, array_name) values ('GS', '55 S (GS)', ST_MakeEnvelope(-54.0814, -89.6652, -54.0814, -89.6652, 4326), '55 S');-- platformsinsert into platform_deployments (platform_reference_designator, array_code, display_name) values( 'CE01ISSM-LM001', 'CE', 'Endurance OR Inshore Surface Mooring');insert into platform_deployments (platform_reference_designator, array_code, display_name) values( 'CE01ISSM-MFD00', 'CE', 'Endurance OR Inshore Surface Mooring');insert into platform_deployments (platform_reference_designator, array_code, display_name) values( 'CE01ISSM-MFD35', 'CE', 'Endurance OR Inshore Surface Mooring');insert into platform_deployments (platform_reference_designator, array_code, display_name) values( 'CE01ISSM-MFD37', 'CE', 'Endurance OR Inshore Surface Mooring');insert into platform_deployments (platform_reference_designator, array_code, display_name) values( 'CE01ISSM-RID16', 'CE', 'Endurance OR Inshore Surface Mooring');insert into platform_deployments (platform_reference_designator, array_code, display_name) values( 'CE01ISSM-SBD17', 'CE', 'Endurance OR Inshore Surface Mooring');insert into platform_deployments (platform_reference_designator, array_code, display_name) values( 'CE01ISSP-CP001', 'CE', 'Endurance OR Inshore Surface-Piercing Profiler Mooring');insert into platform_deployments (platform_reference_designator, array_code, display_name) values( 'CE01ISSP-PL001', 'CE', 'Endurance OR Inshore Surface-Piercing Profiler Mooring');insert into platform_deployments (platform_reference_designator, array_code, display_name) values( 'CE01ISSP-SP001', 'CE', 'Endurance OR Inshore Surface-Piercing Profiler Mooring');insert into platform_deployments (platform_reference_designator, array_code, display_name) values( 'CE02SHBP-BP001', 'CE', 'Endurance OR Shelf Benthic Package');insert into platform_deployments (platform_reference_designator, array_code, display_name) values( 'CE02SHBP-LJ01D', 'CE', 'Endurance OR Shelf Benthic Package');insert into platform_deployments (platform_reference_designator, array_code, display_name) values( 'CE02SHBP-MJ01C', 'CE', 'Endurance OR Shelf Benthic Package');insert into platform_deployments (platform_reference_designator, array_code, display_name) values( 'CE02SHSM-RID26', 'CE', 'Endurance OR Shelf Surface Mooring');insert into platform_deployments (platform_reference_designator, array_code, display_name) values( 'CE02SHSM-RID27', 'CE', 'Endurance OR Shelf Surface Mooring');insert into platform_deployments (platform_reference_designator, array_code, display_name) values( 'CE02SHSM-SBD11', 'CE', 'Endurance OR Shelf Surface Mooring');insert into platform_deployments (platform_reference_designator, array_code, display_name) values( 'CE02SHSM-SBD12', 'CE', 'Endurance OR Shelf Surface Mooring');insert into platform_deployments (platform_reference_designator, array_code, display_name) values( 'CE02SHSM-SM001', 'CE', 'Endurance OR Shelf Surface Mooring');insert into platform_deployments (platform_reference_designator, array_code, display_name) values( 'CE02SHSP-CP001', 'CE', 'Endurance OR Shelf Surface-Piercing Profiler Mooring');insert into platform_deployments (platform_reference_designator, array_code, display_name) values( 'CE02SHSP-SP001', 'CE', 'Endurance OR Shelf Surface-Piercing Profiler Mooring');insert into platform_deployments (platform_reference_designator, array_code, display_name) values( 'CE04OSBP-BP001', 'CE', 'Endurance OR Offshore Benthic Package');insert into platform_deployments (platform_reference_designator, array_code, display_name) values( 'CE04OSBP-LJ01C', 'CE', 'Endurance OR Offshore Benthic Package');insert into platform_deployments (platform_reference_designator, array_code, display_name) values( 'CE04OSBP-LV01C', 'CE', 'Endurance OR Offshore Benthic Package');insert into platform_deployments (platform_reference_designator, array_code, display_name) values( 'CE04OSHY-DP01B', 'CE', 'Endurance OR Offshore Hybrid Profiler Mooring');insert into platform_deployments (platform_reference_designator, array_code, display_name) values( 'CE04OSHY-GP001', 'CE', 'Endurance OR Offshore Hybrid Profiler Mooring');insert into platform_deployments (platform_reference_designator, array_code, display_name) values( 'CE04OSHY-PC01B', 'CE', 'Endurance OR Offshore Hybrid Profiler Mooring');insert into platform_deployments (platform_reference_designator, array_code, display_name) values( 'CE04OSHY-SF01B', 'CE', 'Endurance OR Offshore Hybrid Profiler Mooring');insert into platform_deployments (platform_reference_designator, array_code, display_name) values( 'CE04OSSM-RID26', 'CE', 'Endurance OR Offshore Surface Mooring');insert into platform_deployments (platform_reference_designator, array_code, display_name) values( 'CE04OSSM-RID27', 'CE', 'Endurance OR Offshore Surface Mooring');insert into platform_deployments (platform_reference_designator, array_code, display_name) values( 'CE04OSSM-SBD11', 'CE', 'Endurance OR Offshore Surface Mooring');insert into platform_deployments (platform_reference_designator, array_code, display_name) values( 'CE04OSSM-SBD12', 'CE', 'Endurance OR Offshore Surface Mooring');insert into platform_deployments (platform_reference_designator, array_code, display_name) values( 'CE04OSSM-SM001', 'CE', 'Endurance OR Offshore Surface Mooring');insert into platform_deployments (platform_reference_designator, array_code, display_name) values( 'CE05MOAS-GL001', 'CE', 'Endurance Mobile Assets');insert into platform_deployments (platform_reference_designator, array_code, display_name) values( 'CE05MOAS-GL002', 'CE', 'Endurance Mobile Assets');insert into platform_deployments (platform_reference_designator, array_code, display_name) values( 'CE05MOAS-GL003', 'CE', 'Endurance Mobile Assets');insert into platform_deployments (platform_reference_designator, array_code, display_name) values( 'CE05MOAS-GL004', 'CE', 'Endurance Mobile Assets');insert into platform_deployments (platform_reference_designator, array_code, display_name) values( 'CE05MOAS-GL005', 'CE', 'Endurance Mobile Assets');insert into platform_deployments (platform_reference_designator, array_code, display_name) values( 'CE05MOAS-GL006', 'CE', 'Endurance Mobile Assets');insert into platform_deployments (platform_reference_designator, array_code, display_name) values( 'CE06ISSM-LM001', 'CE', 'Endurance WA Inshore Surface Mooring');insert into platform_deployments (platform_reference_designator, array_code, display_name) values( 'CE06ISSM-MFD00', 'CE', 'Endurance WA Inshore Surface Mooring');insert into platform_deployments (platform_reference_designator, array_code, display_name) values( 'CE06ISSM-MFD35', 'CE', 'Endurance WA Inshore Surface Mooring');insert into platform_deployments (platform_reference_designator, array_code, display_name) values( 'CE06ISSM-MFD37', 'CE', 'Endurance WA Inshore Surface Mooring');insert into platform_deployments (platform_reference_designator, array_code, display_name) values( 'CE06ISSM-RID16', 'CE', 'Endurance WA Inshore Surface Mooring');insert into platform_deployments (platform_reference_designator, array_code, display_name) values( 'CE06ISSM-SBD17', 'CE', 'Endurance WA Inshore Surface Mooring');insert into platform_deployments (platform_reference_designator, array_code, display_name) values( 'CE06ISSP-CP001', 'CE', 'Endurance WA Inshore Surface-Piercing Profiler Mooring');insert into platform_deployments (platform_reference_designator, array_code, display_name) values( 'CE06ISSP-PL001', 'CE', 'Endurance WA Inshore Surface-Piercing Profiler Mooring');insert into platform_deployments (platform_reference_designator, array_code, display_name) values( 'CE06ISSP-SP001', 'CE', 'Endurance WA Inshore Surface-Piercing Profiler Mooring');insert into platform_deployments (platform_reference_designator, array_code, display_name) values( 'CE07SHSM-HM001', 'CE', 'Endurance WA Shelf Surface Mooring');insert into platform_deployments (platform_reference_designator, array_code, display_name) values( 'CE07SHSM-MFD00', 'CE', 'Endurance WA Shelf Surface Mooring');insert into platform_deployments (platform_reference_designator, array_code, display_name) values( 'CE07SHSM-MFD35', 'CE', 'Endurance WA Shelf Surface Mooring');insert into platform_deployments (platform_reference_designator, array_code, display_name) values( 'CE07SHSM-MFD37', 'CE', 'Endurance WA Shelf Surface Mooring');insert into platform_deployments (platform_reference_designator, array_code, display_name) values( 'CE07SHSM-RID26', 'CE', 'Endurance WA Shelf Surface Mooring');insert into platform_deployments (platform_reference_designator, array_code, display_name) values( 'CE07SHSM-RID27', 'CE', 'Endurance WA Shelf Surface Mooring');insert into platform_deployments (platform_reference_designator, array_code, display_name) values( 'CE07SHSM-SBD11', 'CE', 'Endurance WA Shelf Surface Mooring');insert into platform_deployments (platform_reference_designator, array_code, display_name) values( 'CE07SHSM-SBD12', 'CE', 'Endurance WA Shelf Surface Mooring');insert into platform_deployments (platform_reference_designator, array_code, display_name) values( 'CE07SHSP-CP001', 'CE', 'Endurance WA Shelf Surface-Piercing Profiler Mooring');insert into platform_deployments (platform_reference_designator, array_code, display_name) values( 'CE07SHSP-PL001', 'CE', 'Endurance WA Shelf Surface-Piercing Profiler Mooring');insert into platform_deployments (platform_reference_designator, array_code, display_name) values( 'CE07SHSP-SP001', 'CE', 'Endurance WA Shelf Surface-Piercing Profiler Mooring');insert into platform_deployments (platform_reference_designator, array_code, display_name) values( 'CE090SSM-MFD00', 'CE', 'Endurance WA Offshore Surface Mooring');insert into platform_deployments (platform_reference_designator, array_code, display_name) values( 'CE09OSPM-PM001', 'CE', 'Endurance WA Offshore Profiling Mooring');insert into platform_deployments (platform_reference_designator, array_code, display_name) values( 'CE09OSPM-WF001', 'CE', 'Endurance WA Offshore Profiling Mooring');insert into platform_deployments (platform_reference_designator, array_code, display_name) values( 'CE09OSSM-HM001', 'CE', 'Endurance WA Offshore Surface Mooring');insert into platform_deployments (platform_reference_designator, array_code, display_name) values( 'CE09OSSM-MFD00', 'CE', 'Endurance WA Offshore Surface Mooring');insert into platform_deployments (platform_reference_designator, array_code, display_name) values( 'CE09OSSM-MFD35', 'CE', 'Endurance WA Offshore Surface Mooring');insert into platform_deployments (platform_reference_designator, array_code, display_name) values( 'CE09OSSM-MFD37', 'CE', 'Endurance WA Offshore Surface Mooring');insert into platform_deployments (platform_reference_designator, array_code, display_name) values( 'CE09OSSM-RID26', 'CE', 'Endurance WA Offshore Surface Mooring');insert into platform_deployments (platform_reference_designator, array_code, display_name) values( 'CE09OSSM-RID27', 'CE', 'Endurance WA Offshore Surface Mooring');insert into platform_deployments (platform_reference_designator, array_code, display_name) values( 'CE09OSSM-SBD11', 'CE', 'Endurance WA Offshore Surface Mooring');insert into platform_deployments (platform_reference_designator, array_code, display_name) values( 'CE09OSSM-SBD12', 'CE', 'Endurance WA Offshore Surface Mooring');/*	CE array : 68 platforms		*/insert into platform_deployments (platform_reference_designator, array_code, display_name) values( 'GP02HYPM-GP001', 'GP', 'PAPA Hybrid Mooring');insert into platform_deployments (platform_reference_designator, array_code, display_name) values( 'GP02HYPM-MPC04', 'GP', 'PAPA Hybrid Mooring');insert into platform_deployments (platform_reference_designator, array_code, display_name) values( 'GP02HYPM-RIS01', 'GP', 'PAPA Hybrid Mooring');insert into platform_deployments (platform_reference_designator, array_code, display_name) values( 'GP02HYPM-WFP02', 'GP', 'PAPA Hybrid Mooring');insert into platform_deployments (platform_reference_designator, array_code, display_name) values( 'GP02HYPM-WFP03', 'GP', 'PAPA Hybrid Mooring');insert into platform_deployments (platform_reference_designator, array_code, display_name) values( 'GP03FLMA-FM001', 'GP', 'PAPA Flanking Moorings');insert into platform_deployments (platform_reference_designator, array_code, display_name) values( 'GP03FLMA-RIS01', 'GP', 'PAPA Flanking Moorings');insert into platform_deployments (platform_reference_designator, array_code, display_name) values( 'GP03FLMA-RIS02', 'GP', 'PAPA Flanking Moorings');insert into platform_deployments (platform_reference_designator, array_code, display_name) values( 'GP03FLMB-FM001', 'GP', 'PAPA Flanking Moorings');insert into platform_deployments (platform_reference_designator, array_code, display_name) values( 'GP03FLMB-RIS01', 'GP', 'PAPA Flanking Moorings');insert into platform_deployments (platform_reference_designator, array_code, display_name) values( 'GP03FLMB-RIS02', 'GP', 'PAPA Flanking Moorings');insert into platform_deployments (platform_reference_designator, array_code, display_name) values( 'GP05MOAS-GL001', 'GP', 'PAPA Mobile Assets');insert into platform_deployments (platform_reference_designator, array_code, display_name) values( 'GP05MOAS-GL002', 'GP', 'PAPA Mobile Assets');insert into platform_deployments (platform_reference_designator, array_code, display_name) values( 'GP05MOAS-GL003', 'GP', 'PAPA Mobile Assets');insert into platform_deployments (platform_reference_designator, array_code, display_name) values( 'GP05MOAS-PG001', 'GP', 'PAPA Mobile Assets');insert into platform_deployments (platform_reference_designator, array_code, display_name) values( 'GP05MOAS-PG002', 'GP', 'PAPA Mobile Assets');/*	GP array : 16 platforms		*/insert into platform_deployments (platform_reference_designator, array_code, display_name) values( 'CP01CNSM-HM001', 'CP', 'Pioneer Central P1 Surface Mooring');insert into platform_deployments (platform_reference_designator, array_code, display_name) values( 'CP01CNSM-MFD00', 'CP', 'Pioneer Central P1 Surface Mooring');insert into platform_deployments (platform_reference_designator, array_code, display_name) values( 'CP01CNSM-MFD35', 'CP', 'Pioneer Central P1 Surface Mooring');insert into platform_deployments (platform_reference_designator, array_code, display_name) values( 'CP01CNSM-MFD37', 'CP', 'Pioneer Central P1 Surface Mooring');insert into platform_deployments (platform_reference_designator, array_code, display_name) values( 'CP01CNSM-RID26', 'CP', 'Pioneer Central P1 Surface Mooring');insert into platform_deployments (platform_reference_designator, array_code, display_name) values( 'CP01CNSM-RID27', 'CP', 'Pioneer Central P1 Surface Mooring');insert into platform_deployments (platform_reference_designator, array_code, display_name) values( 'CP01CNSM-SBD11', 'CP', 'Pioneer Central P1 Surface Mooring');insert into platform_deployments (platform_reference_designator, array_code, display_name) values( 'CP01CNSM-SBD12', 'CP', 'Pioneer Central P1 Surface Mooring');insert into platform_deployments (platform_reference_designator, array_code, display_name) values( 'CP01CNSP-CP001', 'CP', 'Pioneer Central P1 Surface-Piercing Profiler');insert into platform_deployments (platform_reference_designator, array_code, display_name) values( 'CP01CNSP-PL001', 'CP', 'Pioneer Central P1 Surface-Piercing Profiler');insert into platform_deployments (platform_reference_designator, array_code, display_name) values( 'CP01CNSP-SP001', 'CP', 'Pioneer Central P1 Surface-Piercing Profiler');insert into platform_deployments (platform_reference_designator, array_code, display_name) values( 'CP02PMCI-PM001', 'CP', 'Pioneer P2 Wire-Following Moorings');insert into platform_deployments (platform_reference_designator, array_code, display_name) values( 'CP02PMCI-RII01', 'CP', 'Pioneer P2 Wire-Following Moorings');insert into platform_deployments (platform_reference_designator, array_code, display_name) values( 'CP02PMCI-SBS01', 'CP', 'Pioneer P2 Wire-Following Moorings');insert into platform_deployments (platform_reference_designator, array_code, display_name) values( 'CP02PMCI-WFP01', 'CP', 'Pioneer P2 Wire-Following Moorings');insert into platform_deployments (platform_reference_designator, array_code, display_name) values( 'CP02PMCO-PM001', 'CP', 'Pioneer P2 Wire-Following Moorings');insert into platform_deployments (platform_reference_designator, array_code, display_name) values( 'CP02PMCO-RII01', 'CP', 'Pioneer P2 Wire-Following Moorings');insert into platform_deployments (platform_reference_designator, array_code, display_name) values( 'CP02PMCO-SBS01', 'CP', 'Pioneer P2 Wire-Following Moorings');insert into platform_deployments (platform_reference_designator, array_code, display_name) values( 'CP02PMCO-WFP01', 'CP', 'Pioneer P2 Wire-Following Moorings');insert into platform_deployments (platform_reference_designator, array_code, display_name) values( 'CP02PMUI-PM001', 'CP', 'Pioneer P2 Wire-Following Moorings');insert into platform_deployments (platform_reference_designator, array_code, display_name) values( 'CP02PMUI-RII01', 'CP', 'Pioneer P2 Wire-Following Moorings');insert into platform_deployments (platform_reference_designator, array_code, display_name) values( 'CP02PMUI-SBS01', 'CP', 'Pioneer P2 Wire-Following Moorings');insert into platform_deployments (platform_reference_designator, array_code, display_name) values( 'CP02PMUI-WFP01', 'CP', 'Pioneer P2 Wire-Following Moorings');insert into platform_deployments (platform_reference_designator, array_code, display_name) values( 'CP02PMUO-PM001', 'CP', 'Pioneer P2 Wire-Following Moorings');insert into platform_deployments (platform_reference_designator, array_code, display_name) values( 'CP02PMUO-RII01', 'CP', 'Pioneer P2 Wire-Following Moorings');insert into platform_deployments (platform_reference_designator, array_code, display_name) values( 'CP02PMUO-SBS01', 'CP', 'Pioneer P2 Wire-Following Moorings');insert into platform_deployments (platform_reference_designator, array_code, display_name) values( 'CP02PMUO-WFP01', 'CP', 'Pioneer P2 Wire-Following Moorings');insert into platform_deployments (platform_reference_designator, array_code, display_name) values( 'CP03ISSM-HM001', 'CP', 'Pioneer Inshore P3 Surface Mooring');insert into platform_deployments (platform_reference_designator, array_code, display_name) values( 'CP03ISSM-MFD00', 'CP', 'Pioneer Inshore P3 Surface Mooring');insert into platform_deployments (platform_reference_designator, array_code, display_name) values( 'CP03ISSM-MFD35', 'CP', 'Pioneer Inshore P3 Surface Mooring');insert into platform_deployments (platform_reference_designator, array_code, display_name) values( 'CP03ISSM-MFD37', 'CP', 'Pioneer Inshore P3 Surface Mooring');insert into platform_deployments (platform_reference_designator, array_code, display_name) values( 'CP03ISSM-RID26', 'CP', 'Pioneer Inshore P3 Surface Mooring');insert into platform_deployments (platform_reference_designator, array_code, display_name) values( 'CP03ISSM-RID27', 'CP', 'Pioneer Inshore P3 Surface Mooring');insert into platform_deployments (platform_reference_designator, array_code, display_name) values( 'CP03ISSM-SBD11', 'CP', 'Pioneer Inshore P3 Surface Mooring');insert into platform_deployments (platform_reference_designator, array_code, display_name) values( 'CP03ISSM-SBD12', 'CP', 'Pioneer Inshore P3 Surface Mooring');insert into platform_deployments (platform_reference_designator, array_code, display_name) values( 'CP03ISSP-CP001', 'CP', 'Pioneer Inshore P3 Surface-Piercing Profiler Mooring');insert into platform_deployments (platform_reference_designator, array_code, display_name) values( 'CP03ISSP-PL001', 'CP', 'Pioneer Inshore P3 Surface-Piercing Profiler Mooring');insert into platform_deployments (platform_reference_designator, array_code, display_name) values( 'CP03ISSP-SP001', 'CP', 'Pioneer Inshore P3 Surface-Piercing Profiler Mooring');insert into platform_deployments (platform_reference_designator, array_code, display_name) values( 'CP04OSPM-PM001', 'CP', 'Pioneer Offshore P4 Wire-Following Profiler Mooring');insert into platform_deployments (platform_reference_designator, array_code, display_name) values( 'CP04OSPM-SBS11', 'CP', 'Pioneer Offshore P4 Wire-Following Profiler Mooring');insert into platform_deployments (platform_reference_designator, array_code, display_name) values( 'CP04OSPM-WFP01', 'CP', 'Pioneer Offshore P4 Wire-Following Profiler Mooring');insert into platform_deployments (platform_reference_designator, array_code, display_name) values( 'CP04OSSM-HM001', 'CP', 'Pioneer Offshore P4 Surface Mooring');insert into platform_deployments (platform_reference_designator, array_code, display_name) values( 'CP04OSSM-MFD00', 'CP', 'Pioneer Offshore P4 Surface Mooring');insert into platform_deployments (platform_reference_designator, array_code, display_name) values( 'CP04OSSM-MFD35', 'CP', 'Pioneer Offshore P4 Surface Mooring');insert into platform_deployments (platform_reference_designator, array_code, display_name) values( 'CP04OSSM-MFD37', 'CP', 'Pioneer Offshore P4 Surface Mooring');insert into platform_deployments (platform_reference_designator, array_code, display_name) values( 'CP04OSSM-RID26', 'CP', 'Pioneer Offshore P4 Surface Mooring');insert into platform_deployments (platform_reference_designator, array_code, display_name) values( 'CP04OSSM-RID27', 'CP', 'Pioneer Offshore P4 Surface Mooring');insert into platform_deployments (platform_reference_designator, array_code, display_name) values( 'CP04OSSM-SBD11', 'CP', 'Pioneer Offshore P4 Surface Mooring');insert into platform_deployments (platform_reference_designator, array_code, display_name) values( 'CP04OSSM-SBD12', 'CP', 'Pioneer Offshore P4 Surface Mooring');insert into platform_deployments (platform_reference_designator, array_code, display_name) values( 'CP05MOAS-AV001', 'CP', 'Pioneer Mobile Assets');insert into platform_deployments (platform_reference_designator, array_code, display_name) values( 'CP05MOAS-AV002', 'CP', 'Pioneer Mobile Assets');insert into platform_deployments (platform_reference_designator, array_code, display_name) values( 'CP05MOAS-GL001', 'CP', 'Pioneer Mobile Assets');insert into platform_deployments (platform_reference_designator, array_code, display_name) values( 'CP05MOAS-GL002', 'CP', 'Pioneer Mobile Assets');insert into platform_deployments (platform_reference_designator, array_code, display_name) values( 'CP05MOAS-GL003', 'CP', 'Pioneer Mobile Assets');insert into platform_deployments (platform_reference_designator, array_code, display_name) values( 'CP05MOAS-GL004', 'CP', 'Pioneer Mobile Assets');insert into platform_deployments (platform_reference_designator, array_code, display_name) values( 'CP05MOAS-GL005', 'CP', 'Pioneer Mobile Assets');insert into platform_deployments (platform_reference_designator, array_code, display_name) values( 'CP05MOAS-GL006', 'CP', 'Pioneer Mobile Assets');/*	CP array : 57 platforms		*/insert into platform_deployments (platform_reference_designator, array_code, display_name) values( 'GA01SUMO-RID16', 'GA', 'Argentine Surface Mooring');insert into platform_deployments (platform_reference_designator, array_code, display_name) values( 'GA01SUMO-RII11', 'GA', 'Argentine Surface Mooring');insert into platform_deployments (platform_reference_designator, array_code, display_name) values( 'GA01SUMO-SBD11', 'GA', 'Argentine Surface Mooring');insert into platform_deployments (platform_reference_designator, array_code, display_name) values( 'GA01SUMO-SBD12', 'GA', 'Argentine Surface Mooring');insert into platform_deployments (platform_reference_designator, array_code, display_name) values( 'GA01SUMO-SM001', 'GA', 'Argentine Surface Mooring');insert into platform_deployments (platform_reference_designator, array_code, display_name) values( 'GA02HYPM-GP001', 'GA', 'Argentine Hybrid Mooring');insert into platform_deployments (platform_reference_designator, array_code, display_name) values( 'GA02HYPM-MPC04', 'GA', 'Argentine Hybrid Mooring');insert into platform_deployments (platform_reference_designator, array_code, display_name) values( 'GA02HYPM-RIS01', 'GA', 'Argentine Hybrid Mooring');insert into platform_deployments (platform_reference_designator, array_code, display_name) values( 'GA02HYPM-WFP02', 'GA', 'Argentine Hybrid Mooring');insert into platform_deployments (platform_reference_designator, array_code, display_name) values( 'GA02HYPM-WFP03', 'GA', 'Argentine Hybrid Mooring');insert into platform_deployments (platform_reference_designator, array_code, display_name) values( 'GA03FLMA-FM001', 'GA', 'Argentine Flanking Moorings');insert into platform_deployments (platform_reference_designator, array_code, display_name) values( 'GA03FLMA-RIS01', 'GA', 'Argentine Flanking Moorings');insert into platform_deployments (platform_reference_designator, array_code, display_name) values( 'GA03FLMA-RIS02', 'GA', 'Argentine Flanking Moorings');insert into platform_deployments (platform_reference_designator, array_code, display_name) values( 'GA03FLMB-FM001', 'GA', 'Argentine Flanking Moorings');insert into platform_deployments (platform_reference_designator, array_code, display_name) values( 'GA03FLMB-RIS01', 'GA', 'Argentine Flanking Moorings');insert into platform_deployments (platform_reference_designator, array_code, display_name) values( 'GA03FLMB-RIS02', 'GA', 'Argentine Flanking Moorings');insert into platform_deployments (platform_reference_designator, array_code, display_name) values( 'GA05MOAS-GL001', 'GA', 'Argentine Mobile Assets');insert into platform_deployments (platform_reference_designator, array_code, display_name) values( 'GA05MOAS-GL002', 'GA', 'Argentine Mobile Assets');insert into platform_deployments (platform_reference_designator, array_code, display_name) values( 'GA05MOAS-GL003', 'GA', 'Argentine Mobile Assets');insert into platform_deployments (platform_reference_designator, array_code, display_name) values( 'GA05MOAS-PG001', 'GA', 'Argentine Mobile Assets');insert into platform_deployments (platform_reference_designator, array_code, display_name) values( 'GA05MOAS-PG002', 'GA', 'Argentine Mobile Assets');/*	GA array : 21 platforms		*/insert into platform_deployments (platform_reference_designator, array_code, display_name) values( 'GI01SUMO-RID16', 'GI', 'Irminger Sea Surface Mooring');insert into platform_deployments (platform_reference_designator, array_code, display_name) values( 'GI01SUMO-RII11', 'GI', 'Irminger Sea Surface Mooring');insert into platform_deployments (platform_reference_designator, array_code, display_name) values( 'GI01SUMO-SBD11', 'GI', 'Irminger Sea Surface Mooring');insert into platform_deployments (platform_reference_designator, array_code, display_name) values( 'GI01SUMO-SBD12', 'GI', 'Irminger Sea Surface Mooring');insert into platform_deployments (platform_reference_designator, array_code, display_name) values( 'GI01SUMO-SM001', 'GI', 'Irminger Sea Surface Mooring');insert into platform_deployments (platform_reference_designator, array_code, display_name) values( 'GI02HYPM-GP001', 'GI', 'Irminger Sea Hybrid Mooring');insert into platform_deployments (platform_reference_designator, array_code, display_name) values( 'GI02HYPM-MPC04', 'GI', 'Irminger Sea Hybrid Mooring');insert into platform_deployments (platform_reference_designator, array_code, display_name) values( 'GI02HYPM-RIS01', 'GI', 'Irminger Sea Hybrid Mooring');insert into platform_deployments (platform_reference_designator, array_code, display_name) values( 'GI02HYPM-WFP02', 'GI', 'Irminger Sea Hybrid Mooring');insert into platform_deployments (platform_reference_designator, array_code, display_name) values( 'GI03FLMA-FM001', 'GI', 'Irminger Sea Flanking Moorings');insert into platform_deployments (platform_reference_designator, array_code, display_name) values( 'GI03FLMA-RIS01', 'GI', 'Irminger Sea Flanking Moorings');insert into platform_deployments (platform_reference_designator, array_code, display_name) values( 'GI03FLMA-RIS02', 'GI', 'Irminger Sea Flanking Moorings');insert into platform_deployments (platform_reference_designator, array_code, display_name) values( 'GI03FLMB-FM001', 'GI', 'Irminger Sea Flanking Moorings');insert into platform_deployments (platform_reference_designator, array_code, display_name) values( 'GI03FLMB-RIS01', 'GI', 'Irminger Sea Flanking Moorings');insert into platform_deployments (platform_reference_designator, array_code, display_name) values( 'GI03FLMB-RIS02', 'GI', 'Irminger Sea Flanking Moorings');insert into platform_deployments (platform_reference_designator, array_code, display_name) values( 'GI05MOAS-GL001', 'GI', 'Irminger Sea Mobile Assets');insert into platform_deployments (platform_reference_designator, array_code, display_name) values( 'GI05MOAS-GL002', 'GI', 'Irminger Sea Mobile Assets');insert into platform_deployments (platform_reference_designator, array_code, display_name) values( 'GI05MOAS-GL003', 'GI', 'Irminger Sea Mobile Assets');insert into platform_deployments (platform_reference_designator, array_code, display_name) values( 'GI05MOAS-PG001', 'GI', 'Irminger Sea Mobile Assets');insert into platform_deployments (platform_reference_designator, array_code, display_name) values( 'GI05MOAS-PG002', 'GI', 'Irminger Sea Mobile Assets');/*	GI array : 20 platforms		*/insert into platform_deployments (platform_reference_designator, array_code, display_name) values( 'GS01SUMO-RID16', 'GS', '55S Surface Mooring');insert into platform_deployments (platform_reference_designator, array_code, display_name) values( 'GS01SUMO-RII11', 'GS', '55S Surface Mooring');insert into platform_deployments (platform_reference_designator, array_code, display_name) values( 'GS01SUMO-SBD11', 'GS', '55S Surface Mooring');insert into platform_deployments (platform_reference_designator, array_code, display_name) values( 'GS01SUMO-SBD12', 'GS', '55S Surface Mooring');insert into platform_deployments (platform_reference_designator, array_code, display_name) values( 'GS01SUMO-SM001', 'GS', '55S Surface Mooring');insert into platform_deployments (platform_reference_designator, array_code, display_name) values( 'GS02HYPM-GP001', 'GS', '55S Hybrid Mooring');insert into platform_deployments (platform_reference_designator, array_code, display_name) values( 'GS02HYPM-MPC04', 'GS', '55S Hybrid Mooring');insert into platform_deployments (platform_reference_designator, array_code, display_name) values( 'GS02HYPM-RIS01', 'GS', '55S Hybrid Mooring');insert into platform_deployments (platform_reference_designator, array_code, display_name) values( 'GS02HYPM-WFP02', 'GS', '55S Hybrid Mooring');insert into platform_deployments (platform_reference_designator, array_code, display_name) values( 'GS02HYPM-WFP03', 'GS', '55S Hybrid Mooring');insert into platform_deployments (platform_reference_designator, array_code, display_name) values( 'GS03FLMA-FM001', 'GS', '55S Flanking Moorings');insert into platform_deployments (platform_reference_designator, array_code, display_name) values( 'GS03FLMA-RIS01', 'GS', '55S Flanking Moorings');insert into platform_deployments (platform_reference_designator, array_code, display_name) values( 'GS03FLMA-RIS02', 'GS', '55S Flanking Moorings');insert into platform_deployments (platform_reference_designator, array_code, display_name) values( 'GS03FLMB-FM001', 'GS', '55S Flanking Moorings');insert into platform_deployments (platform_reference_designator, array_code, display_name) values( 'GS03FLMB-RIS01', 'GS', '55S Flanking Moorings');insert into platform_deployments (platform_reference_designator, array_code, display_name) values( 'GS03FLMB-RIS02', 'GS', '55S Flanking Moorings');insert into platform_deployments (platform_reference_designator, array_code, display_name) values( 'GS05MOAS-GL001', 'GS', '55S Mobile Assets');insert into platform_deployments (platform_reference_designator, array_code, display_name) values( 'GS05MOAS-GL002', 'GS', '55S Mobile Assets');insert into platform_deployments (platform_reference_designator, array_code, display_name) values( 'GS05MOAS-GL003', 'GS', '55S Mobile Assets');insert into platform_deployments (platform_reference_designator, array_code, display_name) values( 'GS05MOAS-PG001', 'GS', '55S Mobile Assets');insert into platform_deployments (platform_reference_designator, array_code, display_name) values( 'GS05MOAS-PG002', 'GS', '55S Mobile Assets');/*	GS array : 21 platforms		*//* Instrument List */insert into instrument_deployments (instrument_reference_designator, platform_deployment_code) values('GS01SUMO-SBD11-01-MOPAK0000', 'GS01SUMO-SBD11');insert into instrument_deployments (instrument_reference_designator, platform_deployment_code) values('GS01SUMO-SBD11-06-METBKA000', 'GS01SUMO-SBD11');insert into instrument_deployments (instrument_reference_designator, platform_deployment_code) values('GS01SUMO-SBD11-04-DOSTAD000', 'GS01SUMO-SBD11');insert into instrument_deployments (instrument_reference_designator, platform_deployment_code) values('GS01SUMO-SBD11-05-SPKIRB000', 'GS01SUMO-SBD11');insert into instrument_deployments (instrument_reference_designator, platform_deployment_code) values('GS01SUMO-SBD11-08-NUTNRB000', 'GS01SUMO-SBD11');insert into instrument_deployments (instrument_reference_designator, platform_deployment_code) values('GS01SUMO-SBD12-06-METBKA000', 'GS01SUMO-SBD12');insert into instrument_deployments (instrument_reference_designator, platform_deployment_code) values('GS01SUMO-SBD12-04-PCO2AA000', 'GS01SUMO-SBD12');insert into instrument_deployments (instrument_reference_designator, platform_deployment_code) values('GS01SUMO-SBD12-05-WAVSSA000', 'GS01SUMO-SBD12');insert into instrument_deployments (instrument_reference_designator, platform_deployment_code) values('GS01SUMO-SBD12-08-FDCHPA000', 'GS01SUMO-SBD12');insert into instrument_deployments (instrument_reference_designator, platform_deployment_code) values('GS01SUMO-SBD12-01-OPTAAD000', 'GS01SUMO-SBD12');insert into instrument_deployments (instrument_reference_designator, platform_deployment_code) values('GS01SUMO-SBD12-02-FLORTD000', 'GS01SUMO-SBD12');insert into instrument_deployments (instrument_reference_designator, platform_deployment_code) values('GS01SUMO-RID16-00-ACOMM0000', 'GS01SUMO-RID16');insert into instrument_deployments (instrument_reference_designator, platform_deployment_code) values('GS01SUMO-RID16-03-CTDBPF000', 'GS01SUMO-RID16');insert into instrument_deployments (instrument_reference_designator, platform_deployment_code) values('GS01SUMO-RID16-02-FLORTD000', 'GS01SUMO-RID16');insert into instrument_deployments (instrument_reference_designator, platform_deployment_code) values('GS01SUMO-RID16-04-VELPTA000', 'GS01SUMO-RID16');insert into instrument_deployments (instrument_reference_designator, platform_deployment_code) values('GS01SUMO-RID16-01-OPTAAD000', 'GS01SUMO-RID16');insert into instrument_deployments (instrument_reference_designator, platform_deployment_code) values('GS01SUMO-RID16-03-DOSTAD000', 'GS01SUMO-RID16');insert into instrument_deployments (instrument_reference_designator, platform_deployment_code) values('GS01SUMO-RID16-05-PCO2WB000', 'GS01SUMO-RID16');insert into instrument_deployments (instrument_reference_designator, platform_deployment_code) values('GS01SUMO-RID16-07-NUTNRB000', 'GS01SUMO-RID16');insert into instrument_deployments (instrument_reference_designator, platform_deployment_code) values('GS01SUMO-RID16-08-SPKIRB000', 'GS01SUMO-RID16');insert into instrument_deployments (instrument_reference_designator, platform_deployment_code) values('GS01SUMO-RII11-02-CTDMOQ001', 'GS01SUMO-RII11');insert into instrument_deployments (instrument_reference_designator, platform_deployment_code) values('GS01SUMO-RII11-02-PHSENE002', 'GS01SUMO-RII11');insert into instrument_deployments (instrument_reference_designator, platform_deployment_code) values('GS01SUMO-RII11-02-CTDBPP003', 'GS01SUMO-RII11');insert into instrument_deployments (instrument_reference_designator, platform_deployment_code) values('GS01SUMO-RII11-02-DOSTAD102', 'GS01SUMO-RII11');insert into instrument_deployments (instrument_reference_designator, platform_deployment_code) values('GS01SUMO-RII11-02-FLORDG103', 'GS01SUMO-RII11');insert into instrument_deployments (instrument_reference_designator, platform_deployment_code) values('GS01SUMO-RII11-02-PCO2WC104', 'GS01SUMO-RII11');insert into instrument_deployments (instrument_reference_designator, platform_deployment_code) values('GS01SUMO-RII11-02-CTDMOQ004', 'GS01SUMO-RII11');insert into instrument_deployments (instrument_reference_designator, platform_deployment_code) values('GS01SUMO-RII11-02-CTDBPP201', 'GS01SUMO-RII11');insert into instrument_deployments (instrument_reference_designator, platform_deployment_code) values('GS01SUMO-RII11-02-DOSTAD202', 'GS01SUMO-RII11');insert into instrument_deployments (instrument_reference_designator, platform_deployment_code) values('GS01SUMO-RII11-02-FLORDG203', 'GS01SUMO-RII11');insert into instrument_deployments (instrument_reference_designator, platform_deployment_code) values('GS01SUMO-RII11-02-PCO2WC204', 'GS01SUMO-RII11');insert into instrument_deployments (instrument_reference_designator, platform_deployment_code) values('GS01SUMO-RII11-02-CTDMOQ005', 'GS01SUMO-RII11');insert into instrument_deployments (instrument_reference_designator, platform_deployment_code) values('GS01SUMO-RII11-02-PHSENE006', 'GS01SUMO-RII11');insert into instrument_deployments (instrument_reference_designator, platform_deployment_code) values('GS01SUMO-RII11-02-CTDBPP007', 'GS01SUMO-RII11');insert into instrument_deployments (instrument_reference_designator, platform_deployment_code) values('GS01SUMO-RII11-02-DOSTAD302', 'GS01SUMO-RII11');insert into instrument_deployments (instrument_reference_designator, platform_deployment_code) values('GS01SUMO-RII11-02-FLORDG303', 'GS01SUMO-RII11');insert into instrument_deployments (instrument_reference_designator, platform_deployment_code) values('GS01SUMO-RII11-02-PCO2WC304', 'GS01SUMO-RII11');insert into instrument_deployments (instrument_reference_designator, platform_deployment_code) values('GS01SUMO-RII11-02-CTDMOQ008', 'GS01SUMO-RII11');insert into instrument_deployments (instrument_reference_designator, platform_deployment_code) values('GS01SUMO-RII11-02-CTDMOQ009', 'GS01SUMO-RII11');insert into instrument_deployments (instrument_reference_designator, platform_deployment_code) values('GS01SUMO-RII11-02-CTDMOQ010', 'GS01SUMO-RII11');insert into instrument_deployments (instrument_reference_designator, platform_deployment_code) values('GS01SUMO-RII11-02-ADCPSN011', 'GS01SUMO-RII11');insert into instrument_deployments (instrument_reference_designator, platform_deployment_code) values('GS01SUMO-RII11-02-CTDMOQ012', 'GS01SUMO-RII11');insert into instrument_deployments (instrument_reference_designator, platform_deployment_code) values('GS01SUMO-RII11-02-CTDMOR013', 'GS01SUMO-RII11');insert into instrument_deployments (instrument_reference_designator, platform_deployment_code) values('GS01SUMO-RII11-02-CTDMOR014', 'GS01SUMO-RII11');insert into instrument_deployments (instrument_reference_designator, platform_deployment_code) values('GS01SUMO-RII11-02-CTDMOR015', 'GS01SUMO-RII11');insert into instrument_deployments (instrument_reference_designator, platform_deployment_code) values('GS02HYPM-WFP02-01-FLORDL000', 'GS02HYPM-WFP02');insert into instrument_deployments (instrument_reference_designator, platform_deployment_code) values('GS02HYPM-WFP02-03-DOSTAL000', 'GS02HYPM-WFP02');insert into instrument_deployments (instrument_reference_designator, platform_deployment_code) values('GS02HYPM-WFP02-04-CTDPFL000', 'GS02HYPM-WFP02');insert into instrument_deployments (instrument_reference_designator, platform_deployment_code) values('GS02HYPM-WFP02-05-VEL3DL000', 'GS02HYPM-WFP02');insert into instrument_deployments (instrument_reference_designator, platform_deployment_code) values('GS02HYPM-WFP03-01-FLORDL000', 'GS02HYPM-WFP03');insert into instrument_deployments (instrument_reference_designator, platform_deployment_code) values('GS02HYPM-WFP03-03-DOSTAL000', 'GS02HYPM-WFP03');insert into instrument_deployments (instrument_reference_designator, platform_deployment_code) values('GS02HYPM-WFP03-04-CTDPFL000', 'GS02HYPM-WFP03');insert into instrument_deployments (instrument_reference_designator, platform_deployment_code) values('GS02HYPM-WFP03-05-VEL3DL000', 'GS02HYPM-WFP03');insert into instrument_deployments (instrument_reference_designator, platform_deployment_code) values('GS02HYPM-MPC04-01-ZPLSGA000', 'GS02HYPM-MPC04');insert into instrument_deployments (instrument_reference_designator, platform_deployment_code) values('GS02HYPM-RIS01-01-CTDMOG000', 'GS02HYPM-RIS01');insert into instrument_deployments (instrument_reference_designator, platform_deployment_code) values('GS03FLMA-RIS01-01-FLORTD000', 'GS03FLMA-RIS01');insert into instrument_deployments (instrument_reference_designator, platform_deployment_code) values('GS03FLMA-RIS01-02-PHSENE000', 'GS03FLMA-RIS01');insert into instrument_deployments (instrument_reference_designator, platform_deployment_code) values('GS03FLMA-RIS01-03-DOSTAD000', 'GS03FLMA-RIS01');insert into instrument_deployments (instrument_reference_designator, platform_deployment_code) values('GS03FLMA-RIS02-01-ADCPSL000', 'GS03FLMA-RIS02');insert into instrument_deployments (instrument_reference_designator, platform_deployment_code) values('GS03FLMA-RIS02-02-ACOMM0000', 'GS03FLMA-RIS02');insert into instrument_deployments (instrument_reference_designator, platform_deployment_code) values('GS03FLMA-RIS02-03-CTDMOG000', 'GS03FLMA-RIS02');insert into instrument_deployments (instrument_reference_designator, platform_deployment_code) values('GS03FLMA-RIS02-04-CTDMOG000', 'GS03FLMA-RIS02');insert into instrument_deployments (instrument_reference_designator, platform_deployment_code) values('GS03FLMA-RIS02-05-CTDMOG000', 'GS03FLMA-RIS02');insert into instrument_deployments (instrument_reference_designator, platform_deployment_code) values('GS03FLMA-RIS02-06-CTDMOG000', 'GS03FLMA-RIS02');insert into instrument_deployments (instrument_reference_designator, platform_deployment_code) values('GS03FLMA-RIS02-07-CTDMOG000', 'GS03FLMA-RIS02');insert into instrument_deployments (instrument_reference_designator, platform_deployment_code) values('GS03FLMA-RIS02-08-CTDMOG000', 'GS03FLMA-RIS02');insert into instrument_deployments (instrument_reference_designator, platform_deployment_code) values('GS03FLMA-RIS02-09-CTDMOG000', 'GS03FLMA-RIS02');insert into instrument_deployments (instrument_reference_designator, platform_deployment_code) values('GS03FLMA-RIS02-10-CTDMOG000', 'GS03FLMA-RIS02');insert into instrument_deployments (instrument_reference_designator, platform_deployment_code) values('GS03FLMA-RIS02-11-CTDMOG000', 'GS03FLMA-RIS02');insert into instrument_deployments (instrument_reference_designator, platform_deployment_code) values('GS03FLMA-RIS02-12-CTDMOH000', 'GS03FLMA-RIS02');insert into instrument_deployments (instrument_reference_designator, platform_deployment_code) values('GS03FLMA-RIS02-13-CTDMOH000', 'GS03FLMA-RIS02');insert into instrument_deployments (instrument_reference_designator, platform_deployment_code) values('GS03FLMA-RIS02-14-CTDMOH000', 'GS03FLMA-RIS02');insert into instrument_deployments (instrument_reference_designator, platform_deployment_code) values('GS03FLMB-RIS01-01-FLORTD000', 'GS03FLMB-RIS01');insert into instrument_deployments (instrument_reference_designator, platform_deployment_code) values('GS03FLMB-RIS01-02-PHSENE000', 'GS03FLMB-RIS01');insert into instrument_deployments (instrument_reference_designator, platform_deployment_code) values('GS03FLMB-RIS01-03-DOSTAD000', 'GS03FLMB-RIS01');insert into instrument_deployments (instrument_reference_designator, platform_deployment_code) values('GS03FLMB-RIS02-01-ADCPSL000', 'GS03FLMB-RIS02');insert into instrument_deployments (instrument_reference_designator, platform_deployment_code) values('GS03FLMB-RIS02-02-ACOMM0000', 'GS03FLMB-RIS02');insert into instrument_deployments (instrument_reference_designator, platform_deployment_code) values('GS03FLMB-RIS02-03-CTDMOG000', 'GS03FLMB-RIS02');insert into instrument_deployments (instrument_reference_designator, platform_deployment_code) values('GS03FLMB-RIS02-04-CTDMOG000', 'GS03FLMB-RIS02');insert into instrument_deployments (instrument_reference_designator, platform_deployment_code) values('GS03FLMB-RIS02-05-CTDMOG000', 'GS03FLMB-RIS02');insert into instrument_deployments (instrument_reference_designator, platform_deployment_code) values('GS03FLMB-RIS02-06-CTDMOG000', 'GS03FLMB-RIS02');insert into instrument_deployments (instrument_reference_designator, platform_deployment_code) values('GS03FLMB-RIS02-07-CTDMOG000', 'GS03FLMB-RIS02');insert into instrument_deployments (instrument_reference_designator, platform_deployment_code) values('GS03FLMB-RIS02-08-CTDMOG000', 'GS03FLMB-RIS02');insert into instrument_deployments (instrument_reference_designator, platform_deployment_code) values('GS03FLMB-RIS02-09-CTDMOG000', 'GS03FLMB-RIS02');insert into instrument_deployments (instrument_reference_designator, platform_deployment_code) values('GS03FLMB-RIS02-10-CTDMOG000', 'GS03FLMB-RIS02');insert into instrument_deployments (instrument_reference_designator, platform_deployment_code) values('GS03FLMB-RIS02-11-CTDMOG000', 'GS03FLMB-RIS02');insert into instrument_deployments (instrument_reference_designator, platform_deployment_code) values('GS03FLMB-RIS02-12-CTDMOH000', 'GS03FLMB-RIS02');insert into instrument_deployments (instrument_reference_designator, platform_deployment_code) values('GS03FLMB-RIS02-13-CTDMOH000', 'GS03FLMB-RIS02');insert into instrument_deployments (instrument_reference_designator, platform_deployment_code) values('GS03FLMB-RIS02-14-CTDMOH000', 'GS03FLMB-RIS02');insert into instrument_deployments (instrument_reference_designator, platform_deployment_code) values('GS05MOAS-GL001-01-FLORDM000', 'GS05MOAS-GL001');insert into instrument_deployments (instrument_reference_designator, platform_deployment_code) values('GS05MOAS-GL001-02-DOSTAM000', 'GS05MOAS-GL001');insert into instrument_deployments (instrument_reference_designator, platform_deployment_code) values('GS05MOAS-GL001-03-ACOMMM000', 'GS05MOAS-GL001');insert into instrument_deployments (instrument_reference_designator, platform_deployment_code) values('GS05MOAS-GL001-04-CTDGVM000', 'GS05MOAS-GL001');insert into instrument_deployments (instrument_reference_designator, platform_deployment_code) values('GS05MOAS-GL002-01-FLORDM000', 'GS05MOAS-GL002');insert into instrument_deployments (instrument_reference_designator, platform_deployment_code) values('GS05MOAS-GL002-02-DOSTAM000', 'GS05MOAS-GL002');insert into instrument_deployments (instrument_reference_designator, platform_deployment_code) values('GS05MOAS-GL002-03-ACOMMM000', 'GS05MOAS-GL002');insert into instrument_deployments (instrument_reference_designator, platform_deployment_code) values('GS05MOAS-GL002-04-CTDGVM000', 'GS05MOAS-GL002');insert into instrument_deployments (instrument_reference_designator, platform_deployment_code) values('GS05MOAS-GL003-01-FLORDM000', 'GS05MOAS-GL003');insert into instrument_deployments (instrument_reference_designator, platform_deployment_code) values('GS05MOAS-GL003-02-DOSTAM000', 'GS05MOAS-GL003');insert into instrument_deployments (instrument_reference_designator, platform_deployment_code) values('GS05MOAS-GL003-03-ACOMMM000', 'GS05MOAS-GL003');insert into instrument_deployments (instrument_reference_designator, platform_deployment_code) values('GS05MOAS-GL003-04-CTDGVM000', 'GS05MOAS-GL003');insert into instrument_deployments (instrument_reference_designator, platform_deployment_code) values('GS05MOAS-PG001-01-CTDGVM000', 'GS05MOAS-PG001');insert into instrument_deployments (instrument_reference_designator, platform_deployment_code) values('GS05MOAS-PG001-02-DOSTAM000', 'GS05MOAS-PG001');insert into instrument_deployments (instrument_reference_designator, platform_deployment_code) values('GS05MOAS-PG001-03-NUTNRM000', 'GS05MOAS-PG001');insert into instrument_deployments (instrument_reference_designator, platform_deployment_code) values('GS05MOAS-PG002-01-CTDGVM000', 'GS05MOAS-PG002');insert into instrument_deployments (instrument_reference_designator, platform_deployment_code) values('GS05MOAS-PG002-02-FLORDM000', 'GS05MOAS-PG002');insert into instrument_deployments (instrument_reference_designator, platform_deployment_code) values('GS05MOAS-PG002-03-OPTAAM000', 'GS05MOAS-PG002');insert into instrument_deployments (instrument_reference_designator, platform_deployment_code) values('GS05MOAS-PG002-04-PARADM000', 'GS05MOAS-PG002');insert into instrument_deployments (instrument_reference_designator, platform_deployment_code) values('GA01SUMO-SBD11-01-MOPAK0000', 'GA01SUMO-SBD11');insert into instrument_deployments (instrument_reference_designator, platform_deployment_code) values('GA01SUMO-SBD11-06-METBKA000', 'GA01SUMO-SBD11');insert into instrument_deployments (instrument_reference_designator, platform_deployment_code) values('GA01SUMO-SBD11-04-DOSTAD000', 'GA01SUMO-SBD11');insert into instrument_deployments (instrument_reference_designator, platform_deployment_code) values('GA01SUMO-SBD11-05-SPKIRB000', 'GA01SUMO-SBD11');insert into instrument_deployments (instrument_reference_designator, platform_deployment_code) values('GA01SUMO-SBD11-08-NUTNRB000', 'GA01SUMO-SBD11');insert into instrument_deployments (instrument_reference_designator, platform_deployment_code) values('GA01SUMO-SBD12-06-METBKA000', 'GA01SUMO-SBD12');insert into instrument_deployments (instrument_reference_designator, platform_deployment_code) values('GA01SUMO-SBD12-04-PCO2AA000', 'GA01SUMO-SBD12');insert into instrument_deployments (instrument_reference_designator, platform_deployment_code) values('GA01SUMO-SBD12-05-WAVSSA000', 'GA01SUMO-SBD12');insert into instrument_deployments (instrument_reference_designator, platform_deployment_code) values('GA01SUMO-SBD12-01-OPTAAD000', 'GA01SUMO-SBD12');insert into instrument_deployments (instrument_reference_designator, platform_deployment_code) values('GA01SUMO-SBD12-02-FLORTD000', 'GA01SUMO-SBD12');insert into instrument_deployments (instrument_reference_designator, platform_deployment_code) values('GA01SUMO-RID16-00-ACOMM0000', 'GA01SUMO-RID16');insert into instrument_deployments (instrument_reference_designator, platform_deployment_code) values('GA01SUMO-RID16-03-CTDBPF000', 'GA01SUMO-RID16');insert into instrument_deployments (instrument_reference_designator, platform_deployment_code) values('GA01SUMO-RID16-02-FLORTD000', 'GA01SUMO-RID16');insert into instrument_deployments (instrument_reference_designator, platform_deployment_code) values('GA01SUMO-RID16-04-VELPTA000', 'GA01SUMO-RID16');insert into instrument_deployments (instrument_reference_designator, platform_deployment_code) values('GA01SUMO-RID16-01-OPTAAD000', 'GA01SUMO-RID16');insert into instrument_deployments (instrument_reference_designator, platform_deployment_code) values('GA01SUMO-RID16-03-DOSTAD000', 'GA01SUMO-RID16');insert into instrument_deployments (instrument_reference_designator, platform_deployment_code) values('GA01SUMO-RID16-05-PCO2WB000', 'GA01SUMO-RID16');insert into instrument_deployments (instrument_reference_designator, platform_deployment_code) values('GA01SUMO-RID16-07-NUTNRB000', 'GA01SUMO-RID16');insert into instrument_deployments (instrument_reference_designator, platform_deployment_code) values('GA01SUMO-RID16-08-SPKIRB000', 'GA01SUMO-RID16');insert into instrument_deployments (instrument_reference_designator, platform_deployment_code) values('GA01SUMO-RII11-02-CTDMOQ001', 'GA01SUMO-RII11');insert into instrument_deployments (instrument_reference_designator, platform_deployment_code) values('GA01SUMO-RII11-02-PHSENE002', 'GA01SUMO-RII11');insert into instrument_deployments (instrument_reference_designator, platform_deployment_code) values('GA01SUMO-RII11-02-CTDBPP003', 'GA01SUMO-RII11');insert into instrument_deployments (instrument_reference_designator, platform_deployment_code) values('GA01SUMO-RII11-02-DOSTAD102', 'GA01SUMO-RII11');insert into instrument_deployments (instrument_reference_designator, platform_deployment_code) values('GA01SUMO-RII11-02-FLORDG103', 'GA01SUMO-RII11');insert into instrument_deployments (instrument_reference_designator, platform_deployment_code) values('GA01SUMO-RII11-02-PCO2WC104', 'GA01SUMO-RII11');insert into instrument_deployments (instrument_reference_designator, platform_deployment_code) values('GA01SUMO-RII11-02-CTDMOQ004', 'GA01SUMO-RII11');insert into instrument_deployments (instrument_reference_designator, platform_deployment_code) values('GA01SUMO-RII11-02-CTDBPP201', 'GA01SUMO-RII11');insert into instrument_deployments (instrument_reference_designator, platform_deployment_code) values('GA01SUMO-RII11-02-DOSTAD202', 'GA01SUMO-RII11');insert into instrument_deployments (instrument_reference_designator, platform_deployment_code) values('GA01SUMO-RII11-02-FLORDG203', 'GA01SUMO-RII11');insert into instrument_deployments (instrument_reference_designator, platform_deployment_code) values('GA01SUMO-RII11-02-PCO2WC204', 'GA01SUMO-RII11');insert into instrument_deployments (instrument_reference_designator, platform_deployment_code) values('GA01SUMO-RII11-02-CTDMOQ005', 'GA01SUMO-RII11');insert into instrument_deployments (instrument_reference_designator, platform_deployment_code) values('GA01SUMO-RII11-02-PHSENE006', 'GA01SUMO-RII11');insert into instrument_deployments (instrument_reference_designator, platform_deployment_code) values('GA01SUMO-RII11-02-CTDBPP007', 'GA01SUMO-RII11');insert into instrument_deployments (instrument_reference_designator, platform_deployment_code) values('GA01SUMO-RII11-02-DOSTAD302', 'GA01SUMO-RII11');insert into instrument_deployments (instrument_reference_designator, platform_deployment_code) values('GA01SUMO-RII11-02-FLORDG303', 'GA01SUMO-RII11');insert into instrument_deployments (instrument_reference_designator, platform_deployment_code) values('GA01SUMO-RII11-02-PCO2WC304', 'GA01SUMO-RII11');insert into instrument_deployments (instrument_reference_designator, platform_deployment_code) values('GA01SUMO-RII11-02-CTDMOQ008', 'GA01SUMO-RII11');insert into instrument_deployments (instrument_reference_designator, platform_deployment_code) values('GA01SUMO-RII11-02-CTDMOQ009', 'GA01SUMO-RII11');insert into instrument_deployments (instrument_reference_designator, platform_deployment_code) values('GA01SUMO-RII11-02-CTDMOQ010', 'GA01SUMO-RII11');insert into instrument_deployments (instrument_reference_designator, platform_deployment_code) values('GA01SUMO-RII11-02-ADCPSN011', 'GA01SUMO-RII11');insert into instrument_deployments (instrument_reference_designator, platform_deployment_code) values('GA01SUMO-RII11-02-CTDMOQ012', 'GA01SUMO-RII11');insert into instrument_deployments (instrument_reference_designator, platform_deployment_code) values('GA01SUMO-RII11-02-CTDMOR013', 'GA01SUMO-RII11');insert into instrument_deployments (instrument_reference_designator, platform_deployment_code) values('GA01SUMO-RII11-02-CTDMOR014', 'GA01SUMO-RII11');insert into instrument_deployments (instrument_reference_designator, platform_deployment_code) values('GA01SUMO-RII11-02-CTDMOR015', 'GA01SUMO-RII11');insert into instrument_deployments (instrument_reference_designator, platform_deployment_code) values('GA02HYPM-WFP02-01-FLORDL000', 'GA02HYPM-WFP02');insert into instrument_deployments (instrument_reference_designator, platform_deployment_code) values('GA02HYPM-WFP02-03-DOSTAL000', 'GA02HYPM-WFP02');insert into instrument_deployments (instrument_reference_designator, platform_deployment_code) values('GA02HYPM-WFP02-04-CTDPFL000', 'GA02HYPM-WFP02');insert into instrument_deployments (instrument_reference_designator, platform_deployment_code) values('GA02HYPM-WFP02-05-VEL3DL000', 'GA02HYPM-WFP02');insert into instrument_deployments (instrument_reference_designator, platform_deployment_code) values('GA02HYPM-WFP03-01-FLORDL000', 'GA02HYPM-WFP03');insert into instrument_deployments (instrument_reference_designator, platform_deployment_code) values('GA02HYPM-WFP03-03-DOSTAL000', 'GA02HYPM-WFP03');insert into instrument_deployments (instrument_reference_designator, platform_deployment_code) values('GA02HYPM-WFP03-04-CTDPFL000', 'GA02HYPM-WFP03');insert into instrument_deployments (instrument_reference_designator, platform_deployment_code) values('GA02HYPM-WFP03-05-VEL3DL000', 'GA02HYPM-WFP03');insert into instrument_deployments (instrument_reference_designator, platform_deployment_code) values('GA02HYPM-MPC04-01-ZPLSGA000', 'GA02HYPM-MPC04');insert into instrument_deployments (instrument_reference_designator, platform_deployment_code) values('GA02HYPM-RIS01-01-CTDMOG000', 'GA02HYPM-RIS01');insert into instrument_deployments (instrument_reference_designator, platform_deployment_code) values('GA03FLMA-RIS01-01-FLORTD000', 'GA03FLMA-RIS01');insert into instrument_deployments (instrument_reference_designator, platform_deployment_code) values('GA03FLMA-RIS01-02-PHSENE000', 'GA03FLMA-RIS01');insert into instrument_deployments (instrument_reference_designator, platform_deployment_code) values('GA03FLMA-RIS01-03-DOSTAD000', 'GA03FLMA-RIS01');insert into instrument_deployments (instrument_reference_designator, platform_deployment_code) values('GA03FLMA-RIS02-01-ADCPSL000', 'GA03FLMA-RIS02');insert into instrument_deployments (instrument_reference_designator, platform_deployment_code) values('GA03FLMA-RIS02-02-ACOMM0000', 'GA03FLMA-RIS02');insert into instrument_deployments (instrument_reference_designator, platform_deployment_code) values('GA03FLMA-RIS02-03-CTDMOG000', 'GA03FLMA-RIS02');insert into instrument_deployments (instrument_reference_designator, platform_deployment_code) values('GA03FLMA-RIS02-04-CTDMOG000', 'GA03FLMA-RIS02');insert into instrument_deployments (instrument_reference_designator, platform_deployment_code) values('GA03FLMA-RIS02-05-CTDMOG000', 'GA03FLMA-RIS02');insert into instrument_deployments (instrument_reference_designator, platform_deployment_code) values('GA03FLMA-RIS02-06-CTDMOG000', 'GA03FLMA-RIS02');insert into instrument_deployments (instrument_reference_designator, platform_deployment_code) values('GA03FLMA-RIS02-07-CTDMOG000', 'GA03FLMA-RIS02');insert into instrument_deployments (instrument_reference_designator, platform_deployment_code) values('GA03FLMA-RIS02-08-CTDMOG000', 'GA03FLMA-RIS02');insert into instrument_deployments (instrument_reference_designator, platform_deployment_code) values('GA03FLMA-RIS02-09-CTDMOG000', 'GA03FLMA-RIS02');insert into instrument_deployments (instrument_reference_designator, platform_deployment_code) values('GA03FLMA-RIS02-10-CTDMOG000', 'GA03FLMA-RIS02');insert into instrument_deployments (instrument_reference_designator, platform_deployment_code) values('GA03FLMA-RIS02-11-CTDMOG000', 'GA03FLMA-RIS02');insert into instrument_deployments (instrument_reference_designator, platform_deployment_code) values('GA03FLMA-RIS02-12-CTDMOH000', 'GA03FLMA-RIS02');insert into instrument_deployments (instrument_reference_designator, platform_deployment_code) values('GA03FLMA-RIS02-13-CTDMOH000', 'GA03FLMA-RIS02');insert into instrument_deployments (instrument_reference_designator, platform_deployment_code) values('GA03FLMA-RIS02-14-CTDMOH000', 'GA03FLMA-RIS02');insert into instrument_deployments (instrument_reference_designator, platform_deployment_code) values('GA03FLMB-RIS01-01-FLORTD000', 'GA03FLMB-RIS01');insert into instrument_deployments (instrument_reference_designator, platform_deployment_code) values('GA03FLMB-RIS01-02-PHSENE000', 'GA03FLMB-RIS01');insert into instrument_deployments (instrument_reference_designator, platform_deployment_code) values('GA03FLMB-RIS01-03-DOSTAD000', 'GA03FLMB-RIS01');insert into instrument_deployments (instrument_reference_designator, platform_deployment_code) values('GA03FLMB-RIS02-01-ADCPSL000', 'GA03FLMB-RIS02');insert into instrument_deployments (instrument_reference_designator, platform_deployment_code) values('GA03FLMB-RIS02-02-ACOMM0000', 'GA03FLMB-RIS02');insert into instrument_deployments (instrument_reference_designator, platform_deployment_code) values('GA03FLMB-RIS02-03-CTDMOG000', 'GA03FLMB-RIS02');insert into instrument_deployments (instrument_reference_designator, platform_deployment_code) values('GA03FLMB-RIS02-04-CTDMOG000', 'GA03FLMB-RIS02');insert into instrument_deployments (instrument_reference_designator, platform_deployment_code) values('GA03FLMB-RIS02-05-CTDMOG000', 'GA03FLMB-RIS02');insert into instrument_deployments (instrument_reference_designator, platform_deployment_code) values('GA03FLMB-RIS02-06-CTDMOG000', 'GA03FLMB-RIS02');insert into instrument_deployments (instrument_reference_designator, platform_deployment_code) values('GA03FLMB-RIS02-07-CTDMOG000', 'GA03FLMB-RIS02');insert into instrument_deployments (instrument_reference_designator, platform_deployment_code) values('GA03FLMB-RIS02-08-CTDMOG000', 'GA03FLMB-RIS02');insert into instrument_deployments (instrument_reference_designator, platform_deployment_code) values('GA03FLMB-RIS02-09-CTDMOG000', 'GA03FLMB-RIS02');insert into instrument_deployments (instrument_reference_designator, platform_deployment_code) values('GA03FLMB-RIS02-10-CTDMOG000', 'GA03FLMB-RIS02');insert into instrument_deployments (instrument_reference_designator, platform_deployment_code) values('GA03FLMB-RIS02-11-CTDMOG000', 'GA03FLMB-RIS02');insert into instrument_deployments (instrument_reference_designator, platform_deployment_code) values('GA03FLMB-RIS02-12-CTDMOH000', 'GA03FLMB-RIS02');insert into instrument_deployments (instrument_reference_designator, platform_deployment_code) values('GA03FLMB-RIS02-13-CTDMOH000', 'GA03FLMB-RIS02');insert into instrument_deployments (instrument_reference_designator, platform_deployment_code) values('GA03FLMB-RIS02-14-CTDMOH000', 'GA03FLMB-RIS02');insert into instrument_deployments (instrument_reference_designator, platform_deployment_code) values('GA05MOAS-GL001-01-FLORDM000', 'GA05MOAS-GL001');insert into instrument_deployments (instrument_reference_designator, platform_deployment_code) values('GA05MOAS-GL001-02-DOSTAM000', 'GA05MOAS-GL001');insert into instrument_deployments (instrument_reference_designator, platform_deployment_code) values('GA05MOAS-GL001-03-ACOMMM000', 'GA05MOAS-GL001');insert into instrument_deployments (instrument_reference_designator, platform_deployment_code) values('GA05MOAS-GL001-04-CTDGVM000', 'GA05MOAS-GL001');insert into instrument_deployments (instrument_reference_designator, platform_deployment_code) values('GA05MOAS-GL002-01-FLORDM000', 'GA05MOAS-GL002');insert into instrument_deployments (instrument_reference_designator, platform_deployment_code) values('GA05MOAS-GL002-02-DOSTAM000', 'GA05MOAS-GL002');insert into instrument_deployments (instrument_reference_designator, platform_deployment_code) values('GA05MOAS-GL002-03-ACOMMM000', 'GA05MOAS-GL002');insert into instrument_deployments (instrument_reference_designator, platform_deployment_code) values('GA05MOAS-GL002-04-CTDGVM000', 'GA05MOAS-GL002');insert into instrument_deployments (instrument_reference_designator, platform_deployment_code) values('GA05MOAS-GL003-01-FLORDM000', 'GA05MOAS-GL003');insert into instrument_deployments (instrument_reference_designator, platform_deployment_code) values('GA05MOAS-GL003-02-DOSTAM000', 'GA05MOAS-GL003');insert into instrument_deployments (instrument_reference_designator, platform_deployment_code) values('GA05MOAS-GL003-03-ACOMMM000', 'GA05MOAS-GL003');insert into instrument_deployments (instrument_reference_designator, platform_deployment_code) values('GA05MOAS-GL003-04-CTDGVM000', 'GA05MOAS-GL003');insert into instrument_deployments (instrument_reference_designator, platform_deployment_code) values('GA05MOAS-PG001-01-CTDGVM000', 'GA05MOAS-PG001');insert into instrument_deployments (instrument_reference_designator, platform_deployment_code) values('GA05MOAS-PG001-02-DOSTAM000', 'GA05MOAS-PG001');insert into instrument_deployments (instrument_reference_designator, platform_deployment_code) values('GA05MOAS-PG001-03-NUTNRM000', 'GA05MOAS-PG001');insert into instrument_deployments (instrument_reference_designator, platform_deployment_code) values('GA05MOAS-PG002-01-CTDGVM000', 'GA05MOAS-PG002');insert into instrument_deployments (instrument_reference_designator, platform_deployment_code) values('GA05MOAS-PG002-02-FLORDM000', 'GA05MOAS-PG002');insert into instrument_deployments (instrument_reference_designator, platform_deployment_code) values('GA05MOAS-PG002-03-OPTAAM000', 'GA05MOAS-PG002');insert into instrument_deployments (instrument_reference_designator, platform_deployment_code) values('GA05MOAS-PG002-04-PARADM000', 'GA05MOAS-PG002');insert into instrument_deployments (instrument_reference_designator, platform_deployment_code) values('GI01SUMO-SBD11-01-MOPAK0000', 'GI01SUMO-SBD11');insert into instrument_deployments (instrument_reference_designator, platform_deployment_code) values('GI01SUMO-SBD11-06-METBKA000', 'GI01SUMO-SBD11');insert into instrument_deployments (instrument_reference_designator, platform_deployment_code) values('GI01SUMO-SBD11-04-DOSTAD000', 'GI01SUMO-SBD11');insert into instrument_deployments (instrument_reference_designator, platform_deployment_code) values('GI01SUMO-SBD11-05-SPKIRB000', 'GI01SUMO-SBD11');insert into instrument_deployments (instrument_reference_designator, platform_deployment_code) values('GI01SUMO-SBD11-08-NUTNRB000', 'GI01SUMO-SBD11');insert into instrument_deployments (instrument_reference_designator, platform_deployment_code) values('GI01SUMO-SBD12-06-METBKA000', 'GI01SUMO-SBD12');insert into instrument_deployments (instrument_reference_designator, platform_deployment_code) values('GI01SUMO-SBD12-04-PCO2AA000', 'GI01SUMO-SBD12');insert into instrument_deployments (instrument_reference_designator, platform_deployment_code) values('GI01SUMO-SBD12-05-WAVSSA000', 'GI01SUMO-SBD12');insert into instrument_deployments (instrument_reference_designator, platform_deployment_code) values('GI01SUMO-SBD12-08-FDCHPA000', 'GI01SUMO-SBD12');insert into instrument_deployments (instrument_reference_designator, platform_deployment_code) values('GI01SUMO-SBD12-01-OPTAAD000', 'GI01SUMO-SBD12');insert into instrument_deployments (instrument_reference_designator, platform_deployment_code) values('GI01SUMO-SBD12-02-FLORTD000', 'GI01SUMO-SBD12');insert into instrument_deployments (instrument_reference_designator, platform_deployment_code) values('GI01SUMO-SBD12-00-ACOMM0000', 'GI01SUMO-SBD12');insert into instrument_deployments (instrument_reference_designator, platform_deployment_code) values('GI01SUMO-SBD12-03-CTDBPF000', 'GI01SUMO-SBD12');insert into instrument_deployments (instrument_reference_designator, platform_deployment_code) values('GI01SUMO-SBD12-04-VELPTA000', 'GI01SUMO-SBD12');insert into instrument_deployments (instrument_reference_designator, platform_deployment_code) values('GI01SUMO-SBD12-03-DOSTAD000', 'GI01SUMO-SBD12');insert into instrument_deployments (instrument_reference_designator, platform_deployment_code) values('GI01SUMO-SBD12-05-PCO2WB000', 'GI01SUMO-SBD12');insert into instrument_deployments (instrument_reference_designator, platform_deployment_code) values('GI01SUMO-SBD12-07-NUTNRB000', 'GI01SUMO-SBD12');insert into instrument_deployments (instrument_reference_designator, platform_deployment_code) values('GI01SUMO-SBD12-08-SPKIRB000', 'GI01SUMO-SBD12');insert into instrument_deployments (instrument_reference_designator, platform_deployment_code) values('GI01SUMO-RII11-02-CTDMOQ001', 'GI01SUMO-RII11');insert into instrument_deployments (instrument_reference_designator, platform_deployment_code) values('GI01SUMO-RII11-02-PHSENE002', 'GI01SUMO-RII11');insert into instrument_deployments (instrument_reference_designator, platform_deployment_code) values('GI01SUMO-RII11-02-CTDBPP003', 'GI01SUMO-RII11');insert into instrument_deployments (instrument_reference_designator, platform_deployment_code) values('GI01SUMO-RII11-02-DOSTAD102', 'GI01SUMO-RII11');insert into instrument_deployments (instrument_reference_designator, platform_deployment_code) values('GI01SUMO-RII11-02-FLORDG103', 'GI01SUMO-RII11');insert into instrument_deployments (instrument_reference_designator, platform_deployment_code) values('GI01SUMO-RII11-02-PCO2WC104', 'GI01SUMO-RII11');insert into instrument_deployments (instrument_reference_designator, platform_deployment_code) values('GI01SUMO-RII11-02-CTDMOQ004', 'GI01SUMO-RII11');insert into instrument_deployments (instrument_reference_designator, platform_deployment_code) values('GI01SUMO-RII11-02-CTDBPP201', 'GI01SUMO-RII11');insert into instrument_deployments (instrument_reference_designator, platform_deployment_code) values('GI01SUMO-RII11-02-DOSTAD202', 'GI01SUMO-RII11');insert into instrument_deployments (instrument_reference_designator, platform_deployment_code) values('GI01SUMO-RII11-02-FLORDG203', 'GI01SUMO-RII11');insert into instrument_deployments (instrument_reference_designator, platform_deployment_code) values('GI01SUMO-RII11-02-PCO2WC204', 'GI01SUMO-RII11');insert into instrument_deployments (instrument_reference_designator, platform_deployment_code) values('GI01SUMO-RII11-02-CTDMOQ005', 'GI01SUMO-RII11');insert into instrument_deployments (instrument_reference_designator, platform_deployment_code) values('GI01SUMO-RII11-02-PHSENE006', 'GI01SUMO-RII11');insert into instrument_deployments (instrument_reference_designator, platform_deployment_code) values('GI01SUMO-RII11-02-CTDBPP007', 'GI01SUMO-RII11');insert into instrument_deployments (instrument_reference_designator, platform_deployment_code) values('GI01SUMO-RII11-02-DOSTAD302', 'GI01SUMO-RII11');insert into instrument_deployments (instrument_reference_designator, platform_deployment_code) values('GI01SUMO-RII11-02-FLORDG303', 'GI01SUMO-RII11');insert into instrument_deployments (instrument_reference_designator, platform_deployment_code) values('GI01SUMO-RII11-02-PCO2WC304', 'GI01SUMO-RII11');insert into instrument_deployments (instrument_reference_designator, platform_deployment_code) values('GI01SUMO-RII11-02-CTDMOQ008', 'GI01SUMO-RII11');insert into instrument_deployments (instrument_reference_designator, platform_deployment_code) values('GI01SUMO-RII11-02-CTDMOQ009', 'GI01SUMO-RII11');insert into instrument_deployments (instrument_reference_designator, platform_deployment_code) values('GI01SUMO-RII11-02-CTDMOQ010', 'GI01SUMO-RII11');insert into instrument_deployments (instrument_reference_designator, platform_deployment_code) values('GI01SUMO-RII11-02-ADCPSN011', 'GI01SUMO-RII11');insert into instrument_deployments (instrument_reference_designator, platform_deployment_code) values('GI01SUMO-RII11-02-CTDMOQ012', 'GI01SUMO-RII11');insert into instrument_deployments (instrument_reference_designator, platform_deployment_code) values('GI01SUMO-RII11-02-CTDMOR013', 'GI01SUMO-RII11');insert into instrument_deployments (instrument_reference_designator, platform_deployment_code) values('GI01SUMO-RII11-02-CTDMOR014', 'GI01SUMO-RII11');insert into instrument_deployments (instrument_reference_designator, platform_deployment_code) values('GI01SUMO-RII11-02-CTDMOR015', 'GI01SUMO-RII11');insert into instrument_deployments (instrument_reference_designator, platform_deployment_code) values('GI02HYPM-WFP02-01-FLORDL000', 'GI02HYPM-WFP02');insert into instrument_deployments (instrument_reference_designator, platform_deployment_code) values('GI02HYPM-WFP02-03-DOSTAL000', 'GI02HYPM-WFP02');insert into instrument_deployments (instrument_reference_designator, platform_deployment_code) values('GI02HYPM-WFP02-04-CTDPFL000', 'GI02HYPM-WFP02');insert into instrument_deployments (instrument_reference_designator, platform_deployment_code) values('GI02HYPM-WFP02-05-VEL3DL000', 'GI02HYPM-WFP02');insert into instrument_deployments (instrument_reference_designator, platform_deployment_code) values('GI02HYPM-MPC04-01-ZPLSGA000', 'GI02HYPM-MPC04');insert into instrument_deployments (instrument_reference_designator, platform_deployment_code) values('GI02HYPM-RIS01-01-CTDMOG000', 'GI02HYPM-RIS01');insert into instrument_deployments (instrument_reference_designator, platform_deployment_code) values('GI03FLMA-RIS01-01-FLORTD000', 'GI03FLMA-RIS01');insert into instrument_deployments (instrument_reference_designator, platform_deployment_code) values('GI03FLMA-RIS01-02-PHSENE000', 'GI03FLMA-RIS01');insert into instrument_deployments (instrument_reference_designator, platform_deployment_code) values('GI03FLMA-RIS01-03-DOSTAD000', 'GI03FLMA-RIS01');insert into instrument_deployments (instrument_reference_designator, platform_deployment_code) values('GI03FLMA-RIS02-01-ADCPSL000', 'GI03FLMA-RIS02');insert into instrument_deployments (instrument_reference_designator, platform_deployment_code) values('GI03FLMA-RIS02-02-ACOMM0000', 'GI03FLMA-RIS02');insert into instrument_deployments (instrument_reference_designator, platform_deployment_code) values('GI03FLMA-RIS02-03-CTDMOG000', 'GI03FLMA-RIS02');insert into instrument_deployments (instrument_reference_designator, platform_deployment_code) values('GI03FLMA-RIS02-04-CTDMOG000', 'GI03FLMA-RIS02');insert into instrument_deployments (instrument_reference_designator, platform_deployment_code) values('GI03FLMA-RIS02-05-CTDMOG000', 'GI03FLMA-RIS02');insert into instrument_deployments (instrument_reference_designator, platform_deployment_code) values('GI03FLMA-RIS02-06-CTDMOG000', 'GI03FLMA-RIS02');insert into instrument_deployments (instrument_reference_designator, platform_deployment_code) values('GI03FLMA-RIS02-07-CTDMOG000', 'GI03FLMA-RIS02');insert into instrument_deployments (instrument_reference_designator, platform_deployment_code) values('GI03FLMA-RIS02-08-CTDMOG000', 'GI03FLMA-RIS02');insert into instrument_deployments (instrument_reference_designator, platform_deployment_code) values('GI03FLMA-RIS02-09-CTDMOG000', 'GI03FLMA-RIS02');insert into instrument_deployments (instrument_reference_designator, platform_deployment_code) values('GI03FLMA-RIS02-10-CTDMOG000', 'GI03FLMA-RIS02');insert into instrument_deployments (instrument_reference_designator, platform_deployment_code) values('GI03FLMA-RIS02-11-CTDMOG000', 'GI03FLMA-RIS02');insert into instrument_deployments (instrument_reference_designator, platform_deployment_code) values('GI03FLMA-RIS02-12-CTDMOH000', 'GI03FLMA-RIS02');insert into instrument_deployments (instrument_reference_designator, platform_deployment_code) values('GI03FLMA-RIS02-13-CTDMOH000', 'GI03FLMA-RIS02');insert into instrument_deployments (instrument_reference_designator, platform_deployment_code) values('GI03FLMA-RIS02-14-CTDMOH000', 'GI03FLMA-RIS02');insert into instrument_deployments (instrument_reference_designator, platform_deployment_code) values('GI03FLMA-RIS02-15-CTDMOH000', 'GI03FLMA-RIS02');insert into instrument_deployments (instrument_reference_designator, platform_deployment_code) values('GI03FLMA-RIS02-16-CTDMOH000', 'GI03FLMA-RIS02');insert into instrument_deployments (instrument_reference_designator, platform_deployment_code) values('GI03FLMA-RIS02-17-CTDMOH000', 'GI03FLMA-RIS02');insert into instrument_deployments (instrument_reference_designator, platform_deployment_code) values('GI03FLMA-RIS02-18-CTDMOH000', 'GI03FLMA-RIS02');insert into instrument_deployments (instrument_reference_designator, platform_deployment_code) values('GI03FLMA-RIS02-19-VELPTB000', 'GI03FLMA-RIS02');insert into instrument_deployments (instrument_reference_designator, platform_deployment_code) values('GI03FLMA-RIS02-20-VELPTB000', 'GI03FLMA-RIS02');insert into instrument_deployments (instrument_reference_designator, platform_deployment_code) values('GI03FLMA-RIS02-21-VELPTB000', 'GI03FLMA-RIS02');insert into instrument_deployments (instrument_reference_designator, platform_deployment_code) values('GI03FLMA-RIS02-22-VELPTB000', 'GI03FLMA-RIS02');insert into instrument_deployments (instrument_reference_designator, platform_deployment_code) values('GI03FLMB-RIS01-01-FLORTD000', 'GI03FLMB-RIS01');insert into instrument_deployments (instrument_reference_designator, platform_deployment_code) values('GI03FLMB-RIS01-02-PHSENE000', 'GI03FLMB-RIS01');insert into instrument_deployments (instrument_reference_designator, platform_deployment_code) values('GI03FLMB-RIS01-03-DOSTAD000', 'GI03FLMB-RIS01');insert into instrument_deployments (instrument_reference_designator, platform_deployment_code) values('GI03FLMB-RIS02-01-ADCPSL000', 'GI03FLMB-RIS02');insert into instrument_deployments (instrument_reference_designator, platform_deployment_code) values('GI03FLMB-RIS02-02-ACOMM0000', 'GI03FLMB-RIS02');insert into instrument_deployments (instrument_reference_designator, platform_deployment_code) values('GI03FLMB-RIS02-03-CTDMOG000', 'GI03FLMB-RIS02');insert into instrument_deployments (instrument_reference_designator, platform_deployment_code) values('GI03FLMB-RIS02-04-CTDMOG000', 'GI03FLMB-RIS02');insert into instrument_deployments (instrument_reference_designator, platform_deployment_code) values('GI03FLMB-RIS02-05-CTDMOG000', 'GI03FLMB-RIS02');insert into instrument_deployments (instrument_reference_designator, platform_deployment_code) values('GI03FLMB-RIS02-06-CTDMOG000', 'GI03FLMB-RIS02');insert into instrument_deployments (instrument_reference_designator, platform_deployment_code) values('GI03FLMB-RIS02-07-CTDMOG000', 'GI03FLMB-RIS02');insert into instrument_deployments (instrument_reference_designator, platform_deployment_code) values('GI03FLMB-RIS02-08-CTDMOG000', 'GI03FLMB-RIS02');insert into instrument_deployments (instrument_reference_designator, platform_deployment_code) values('GI03FLMB-RIS02-09-CTDMOG000', 'GI03FLMB-RIS02');insert into instrument_deployments (instrument_reference_designator, platform_deployment_code) values('GI03FLMB-RIS02-10-CTDMOG000', 'GI03FLMB-RIS02');insert into instrument_deployments (instrument_reference_designator, platform_deployment_code) values('GI03FLMB-RIS02-11-CTDMOG000', 'GI03FLMB-RIS02');insert into instrument_deployments (instrument_reference_designator, platform_deployment_code) values('GI03FLMB-RIS02-12-CTDMOH000', 'GI03FLMB-RIS02');insert into instrument_deployments (instrument_reference_designator, platform_deployment_code) values('GI03FLMB-RIS02-13-CTDMOH000', 'GI03FLMB-RIS02');insert into instrument_deployments (instrument_reference_designator, platform_deployment_code) values('GI03FLMB-RIS02-14-CTDMOH000', 'GI03FLMB-RIS02');insert into instrument_deployments (instrument_reference_designator, platform_deployment_code) values('GI03FLMB-RIS02-15-CTDMOH000', 'GI03FLMB-RIS02');insert into instrument_deployments (instrument_reference_designator, platform_deployment_code) values('GI03FLMB-RIS02-16-CTDMOH000', 'GI03FLMB-RIS02');insert into instrument_deployments (instrument_reference_designator, platform_deployment_code) values('GI03FLMB-RIS02-17-CTDMOH000', 'GI03FLMB-RIS02');insert into instrument_deployments (instrument_reference_designator, platform_deployment_code) values('GI03FLMB-RIS02-18-CTDMOH000', 'GI03FLMB-RIS02');insert into instrument_deployments (instrument_reference_designator, platform_deployment_code) values('GI03FLMB-RIS02-19-VELPTB000', 'GI03FLMB-RIS02');insert into instrument_deployments (instrument_reference_designator, platform_deployment_code) values('GI03FLMB-RIS02-20-VELPTB000', 'GI03FLMB-RIS02');insert into instrument_deployments (instrument_reference_designator, platform_deployment_code) values('GI03FLMB-RIS02-21-VELPTB000', 'GI03FLMB-RIS02');insert into instrument_deployments (instrument_reference_designator, platform_deployment_code) values('GI03FLMB-RIS02-22-VELPTB000', 'GI03FLMB-RIS02');insert into instrument_deployments (instrument_reference_designator, platform_deployment_code) values('GI05MOAS-GL001-01-FLORDM000', 'GI05MOAS-GL001');insert into instrument_deployments (instrument_reference_designator, platform_deployment_code) values('GI05MOAS-GL001-02-DOSTAM000', 'GI05MOAS-GL001');insert into instrument_deployments (instrument_reference_designator, platform_deployment_code) values('GI05MOAS-GL001-03-ACOMMM000', 'GI05MOAS-GL001');insert into instrument_deployments (instrument_reference_designator, platform_deployment_code) values('GI05MOAS-GL001-04-CTDGVM000', 'GI05MOAS-GL001');insert into instrument_deployments (instrument_reference_designator, platform_deployment_code) values('GI05MOAS-GL003-01-FLORDM000', 'GI05MOAS-GL003');insert into instrument_deployments (instrument_reference_designator, platform_deployment_code) values('GI05MOAS-GL003-02-DOSTAM000', 'GI05MOAS-GL003');insert into instrument_deployments (instrument_reference_designator, platform_deployment_code) values('GI05MOAS-GL003-03-ACOMMM000', 'GI05MOAS-GL003');insert into instrument_deployments (instrument_reference_designator, platform_deployment_code) values('GI05MOAS-GL003-04-CTDGVM000', 'GI05MOAS-GL003');insert into instrument_deployments (instrument_reference_designator, platform_deployment_code) values('GI05MOAS-PG001-01-CTDGVM000', 'GI05MOAS-PG001');insert into instrument_deployments (instrument_reference_designator, platform_deployment_code) values('GI05MOAS-PG001-02-DOSTAM000', 'GI05MOAS-PG001');insert into instrument_deployments (instrument_reference_designator, platform_deployment_code) values('GI05MOAS-PG001-03-NUTNRM000', 'GI05MOAS-PG001');insert into instrument_deployments (instrument_reference_designator, platform_deployment_code) values('GI05MOAS-PG002-01-CTDGVM000', 'GI05MOAS-PG002');insert into instrument_deployments (instrument_reference_designator, platform_deployment_code) values('GI05MOAS-PG002-02-FLORDM000', 'GI05MOAS-PG002');insert into instrument_deployments (instrument_reference_designator, platform_deployment_code) values('GI05MOAS-PG002-03-OPTAAM000', 'GI05MOAS-PG002');insert into instrument_deployments (instrument_reference_designator, platform_deployment_code) values('GI05MOAS-PG002-04-PARADM000', 'GI05MOAS-PG002');insert into instrument_deployments (instrument_reference_designator, platform_deployment_code) values('CP04OSSM-MFD35-02-PRESFC000', 'CP04OSSM-MFD35');insert into instrument_deployments (instrument_reference_designator, platform_deployment_code) values('CP04OSSM-MFD35-04-VELPTB000', 'CP04OSSM-MFD35');insert into instrument_deployments (instrument_reference_designator, platform_deployment_code) values('CP04OSSM-MFD35-05-PCO2WB000', 'CP04OSSM-MFD35');insert into instrument_deployments (instrument_reference_designator, platform_deployment_code) values('CP04OSSM-MFD35-06-PHSEND000', 'CP04OSSM-MFD35');insert into instrument_deployments (instrument_reference_designator, platform_deployment_code) values('CP04OSSM-MFD37-01-OPTAAD000', 'CP04OSSM-MFD37');insert into instrument_deployments (instrument_reference_designator, platform_deployment_code) values('CP04OSSM-MFD37-03-CTDBPE000', 'CP04OSSM-MFD37');insert into instrument_deployments (instrument_reference_designator, platform_deployment_code) values('CP04OSSM-MFD37-04-DOSTAD000', 'CP04OSSM-MFD37');insert into instrument_deployments (instrument_reference_designator, platform_deployment_code) values('CP04OSSM-MFD00-00-ZPLSCC000', 'CP04OSSM-MFD00');insert into instrument_deployments (instrument_reference_designator, platform_deployment_code) values('CP04OSPM-SBS11-02-MOPAK0000', 'CP04OSPM-SBS11');insert into instrument_deployments (instrument_reference_designator, platform_deployment_code) values('CP04OSPM-WFP01-01-VEL3DK000', 'CP04OSPM-WFP01');insert into instrument_deployments (instrument_reference_designator, platform_deployment_code) values('CP04OSPM-WFP01-02-DOFSTK000', 'CP04OSPM-WFP01');insert into instrument_deployments (instrument_reference_designator, platform_deployment_code) values('CP04OSPM-WFP01-03-CTDPFK000', 'CP04OSPM-WFP01');insert into instrument_deployments (instrument_reference_designator, platform_deployment_code) values('CP04OSPM-WFP01-04-FLORTK000', 'CP04OSPM-WFP01');insert into instrument_deployments (instrument_reference_designator, platform_deployment_code) values('CP04OSPM-WFP01-05-PARADK000', 'CP04OSPM-WFP01');insert into instrument_deployments (instrument_reference_designator, platform_deployment_code) values('CP02PMUI-SBS01-01-MOPAK0000', 'CP02PMUI-SBS01');insert into instrument_deployments (instrument_reference_designator, platform_deployment_code) values('CP02PMUI-RII01-02-ADCPTG000', 'CP02PMUI-RII01');insert into instrument_deployments (instrument_reference_designator, platform_deployment_code) values('CP02PMUI-WFP01-01-VEL3DK000', 'CP02PMUI-WFP01');insert into instrument_deployments (instrument_reference_designator, platform_deployment_code) values('CP02PMUI-WFP01-02-DOFSTK000', 'CP02PMUI-WFP01');insert into instrument_deployments (instrument_reference_designator, platform_deployment_code) values('CP02PMUI-WFP01-03-CTDPFK000', 'CP02PMUI-WFP01');insert into instrument_deployments (instrument_reference_designator, platform_deployment_code) values('CP02PMUI-WFP01-04-FLORTK000', 'CP02PMUI-WFP01');insert into instrument_deployments (instrument_reference_designator, platform_deployment_code) values('CP02PMUI-WFP01-05-PARADK000', 'CP02PMUI-WFP01');insert into instrument_deployments (instrument_reference_designator, platform_deployment_code) values('CP02PMUO-SBS01-01-MOPAK0000', 'CP02PMUO-SBS01');insert into instrument_deployments (instrument_reference_designator, platform_deployment_code) values('CP02PMUO-RII01-02-ADCPSL000', 'CP02PMUO-RII01');insert into instrument_deployments (instrument_reference_designator, platform_deployment_code) values('CP02PMUO-WFP01-01-VEL3DK000', 'CP02PMUO-WFP01');insert into instrument_deployments (instrument_reference_designator, platform_deployment_code) values('CP02PMUO-WFP01-02-DOFSTK000', 'CP02PMUO-WFP01');insert into instrument_deployments (instrument_reference_designator, platform_deployment_code) values('CP02PMUO-WFP01-03-CTDPFK000', 'CP02PMUO-WFP01');insert into instrument_deployments (instrument_reference_designator, platform_deployment_code) values('CP02PMUO-WFP01-04-FLORTK000', 'CP02PMUO-WFP01');insert into instrument_deployments (instrument_reference_designator, platform_deployment_code) values('CP02PMUO-WFP01-05-PARADK000', 'CP02PMUO-WFP01');insert into instrument_deployments (instrument_reference_designator, platform_deployment_code) values('CP02PMCI-SBS01-01-MOPAK0000', 'CP02PMCI-SBS01');insert into instrument_deployments (instrument_reference_designator, platform_deployment_code) values('CP02PMCI-RII01-02-ADCPTG000', 'CP02PMCI-RII01');insert into instrument_deployments (instrument_reference_designator, platform_deployment_code) values('CP02PMCI-WFP01-01-VEL3DK000', 'CP02PMCI-WFP01');insert into instrument_deployments (instrument_reference_designator, platform_deployment_code) values('CP02PMCI-WFP01-02-DOFSTK000', 'CP02PMCI-WFP01');insert into instrument_deployments (instrument_reference_designator, platform_deployment_code) values('CP02PMCI-WFP01-03-CTDPFK000', 'CP02PMCI-WFP01');insert into instrument_deployments (instrument_reference_designator, platform_deployment_code) values('CP02PMCI-WFP01-04-FLORTK000', 'CP02PMCI-WFP01');insert into instrument_deployments (instrument_reference_designator, platform_deployment_code) values('CP02PMCI-WFP01-05-PARADK000', 'CP02PMCI-WFP01');insert into instrument_deployments (instrument_reference_designator, platform_deployment_code) values('CP02PMCO-SBS01-01-MOPAK0000', 'CP02PMCO-SBS01');insert into instrument_deployments (instrument_reference_designator, platform_deployment_code) values('CP02PMCO-RII01-02-ADCPTG000', 'CP02PMCO-RII01');insert into instrument_deployments (instrument_reference_designator, platform_deployment_code) values('CP02PMCO-WFP01-01-VEL3DK000', 'CP02PMCO-WFP01');insert into instrument_deployments (instrument_reference_designator, platform_deployment_code) values('CP02PMCO-WFP01-02-DOFSTK000', 'CP02PMCO-WFP01');insert into instrument_deployments (instrument_reference_designator, platform_deployment_code) values('CP02PMCO-WFP01-03-CTDPFK000', 'CP02PMCO-WFP01');insert into instrument_deployments (instrument_reference_designator, platform_deployment_code) values('CP02PMCO-WFP01-04-FLORTK000', 'CP02PMCO-WFP01');insert into instrument_deployments (instrument_reference_designator, platform_deployment_code) values('CP02PMCO-WFP01-05-PARADK000', 'CP02PMCO-WFP01');insert into instrument_deployments (instrument_reference_designator, platform_deployment_code) values('CP05MOAS-GL001-01-ADCPAM000', 'CP05MOAS-GL001');insert into instrument_deployments (instrument_reference_designator, platform_deployment_code) values('CP05MOAS-GL001-02-FLORTM000', 'CP05MOAS-GL001');insert into instrument_deployments (instrument_reference_designator, platform_deployment_code) values('CP05MOAS-GL001-03-CTDGVM000', 'CP05MOAS-GL001');insert into instrument_deployments (instrument_reference_designator, platform_deployment_code) values('CP05MOAS-GL001-04-DOSTAM000', 'CP05MOAS-GL001');insert into instrument_deployments (instrument_reference_designator, platform_deployment_code) values('CP05MOAS-GL001-05-PARADM000', 'CP05MOAS-GL001');insert into instrument_deployments (instrument_reference_designator, platform_deployment_code) values('CP05MOAS-GL002-01-ADCPAM000', 'CP05MOAS-GL002');insert into instrument_deployments (instrument_reference_designator, platform_deployment_code) values('CP05MOAS-GL002-02-FLORTM000', 'CP05MOAS-GL002');insert into instrument_deployments (instrument_reference_designator, platform_deployment_code) values('CP05MOAS-GL002-03-CTDGVM000', 'CP05MOAS-GL002');insert into instrument_deployments (instrument_reference_designator, platform_deployment_code) values('CP05MOAS-GL002-04-DOSTAM000', 'CP05MOAS-GL002');insert into instrument_deployments (instrument_reference_designator, platform_deployment_code) values('CP05MOAS-GL002-05-PARADM000', 'CP05MOAS-GL002');insert into instrument_deployments (instrument_reference_designator, platform_deployment_code) values('CP05MOAS-GL003-01-ADCPAM000', 'CP05MOAS-GL003');insert into instrument_deployments (instrument_reference_designator, platform_deployment_code) values('CP05MOAS-GL003-02-FLORTM000', 'CP05MOAS-GL003');insert into instrument_deployments (instrument_reference_designator, platform_deployment_code) values('CP05MOAS-GL003-03-CTDGVM000', 'CP05MOAS-GL003');insert into instrument_deployments (instrument_reference_designator, platform_deployment_code) values('CP05MOAS-GL003-04-DOSTAM000', 'CP05MOAS-GL003');insert into instrument_deployments (instrument_reference_designator, platform_deployment_code) values('CP05MOAS-GL003-05-PARADM000', 'CP05MOAS-GL003');insert into instrument_deployments (instrument_reference_designator, platform_deployment_code) values('CP05MOAS-GL004-01-ADCPAM000', 'CP05MOAS-GL004');insert into instrument_deployments (instrument_reference_designator, platform_deployment_code) values('CP05MOAS-GL004-02-FLORTM000', 'CP05MOAS-GL004');insert into instrument_deployments (instrument_reference_designator, platform_deployment_code) values('CP05MOAS-GL004-03-CTDGVM000', 'CP05MOAS-GL004');insert into instrument_deployments (instrument_reference_designator, platform_deployment_code) values('CP05MOAS-GL004-04-DOSTAM000', 'CP05MOAS-GL004');insert into instrument_deployments (instrument_reference_designator, platform_deployment_code) values('CP05MOAS-GL004-05-PARADM000', 'CP05MOAS-GL004');insert into instrument_deployments (instrument_reference_designator, platform_deployment_code) values('CP05MOAS-GL005-01-ADCPAM000', 'CP05MOAS-GL005');insert into instrument_deployments (instrument_reference_designator, platform_deployment_code) values('CP05MOAS-GL005-02-FLORTM000', 'CP05MOAS-GL005');insert into instrument_deployments (instrument_reference_designator, platform_deployment_code) values('CP05MOAS-GL005-03-CTDGVM000', 'CP05MOAS-GL005');insert into instrument_deployments (instrument_reference_designator, platform_deployment_code) values('CP05MOAS-GL005-04-DOSTAM000', 'CP05MOAS-GL005');insert into instrument_deployments (instrument_reference_designator, platform_deployment_code) values('CP05MOAS-GL005-05-PARADM000', 'CP05MOAS-GL005');insert into instrument_deployments (instrument_reference_designator, platform_deployment_code) values('CP05MOAS-GL006-01-ADCPAM000', 'CP05MOAS-GL006');insert into instrument_deployments (instrument_reference_designator, platform_deployment_code) values('CP05MOAS-GL006-02-FLORTM000', 'CP05MOAS-GL006');insert into instrument_deployments (instrument_reference_designator, platform_deployment_code) values('CP05MOAS-GL006-03-CTDGVM000', 'CP05MOAS-GL006');insert into instrument_deployments (instrument_reference_designator, platform_deployment_code) values('CP05MOAS-GL006-04-DOSTAM000', 'CP05MOAS-GL006');insert into instrument_deployments (instrument_reference_designator, platform_deployment_code) values('CP05MOAS-GL006-05-PARADM000', 'CP05MOAS-GL006');insert into instrument_deployments (instrument_reference_designator, platform_deployment_code) values('CP05MOAS-AV001-01-FLORTN000', 'CP05MOAS-AV001');insert into instrument_deployments (instrument_reference_designator, platform_deployment_code) values('CP05MOAS-AV001-02-DOSTAN000', 'CP05MOAS-AV001');insert into instrument_deployments (instrument_reference_designator, platform_deployment_code) values('CP05MOAS-AV001-03-CTDAVN000', 'CP05MOAS-AV001');insert into instrument_deployments (instrument_reference_designator, platform_deployment_code) values('CP05MOAS-AV001-04-NUTNRN000', 'CP05MOAS-AV001');insert into instrument_deployments (instrument_reference_designator, platform_deployment_code) values('CP05MOAS-AV001-05-ADCPAN000', 'CP05MOAS-AV001');insert into instrument_deployments (instrument_reference_designator, platform_deployment_code) values('CP05MOAS-AV001-06-PARADN000', 'CP05MOAS-AV001');insert into instrument_deployments (instrument_reference_designator, platform_deployment_code) values('CP05MOAS-AV002-01-FLORTN000', 'CP05MOAS-AV002');insert into instrument_deployments (instrument_reference_designator, platform_deployment_code) values('CP05MOAS-AV002-02-DOSTAN000', 'CP05MOAS-AV002');insert into instrument_deployments (instrument_reference_designator, platform_deployment_code) values('CP05MOAS-AV002-03-CTDAVN000', 'CP05MOAS-AV002');insert into instrument_deployments (instrument_reference_designator, platform_deployment_code) values('CP05MOAS-AV002-04-NUTNRN000', 'CP05MOAS-AV002');insert into instrument_deployments (instrument_reference_designator, platform_deployment_code) values('CP05MOAS-AV002-05-ADCPAN000', 'CP05MOAS-AV002');insert into instrument_deployments (instrument_reference_designator, platform_deployment_code) values('CP05MOAS-AV002-06-PARADN000', 'CP05MOAS-AV002');insert into instrument_deployments (instrument_reference_designator, platform_deployment_code) values('CE04OSSM-SBD11-01-MOPAK0000', 'CE04OSSM-SBD11');insert into instrument_deployments (instrument_reference_designator, platform_deployment_code) values('CE04OSSM-SBD11-06-METBKA000', 'CE04OSSM-SBD11');insert into instrument_deployments (instrument_reference_designator, platform_deployment_code) values('CE04OSSM-SBD11-04-VELPTA000', 'CE04OSSM-SBD11');insert into instrument_deployments (instrument_reference_designator, platform_deployment_code) values('CE04OSSM-SBD12-04-PCO2AA000', 'CE04OSSM-SBD12');insert into instrument_deployments (instrument_reference_designator, platform_deployment_code) values('CE04OSSM-SBD12-05-WAVSSA000', 'CE04OSSM-SBD12');insert into instrument_deployments (instrument_reference_designator, platform_deployment_code) values('CE04OSSM-RID26-01-ADCPTC000', 'CE04OSSM-RID26');insert into instrument_deployments (instrument_reference_designator, platform_deployment_code) values('CE04OSSM-RID26-04-VELPTA000', 'CE04OSSM-RID26');insert into instrument_deployments (instrument_reference_designator, platform_deployment_code) values('CE04OSSM-RID26-05-ACOMM0000', 'CE04OSSM-RID26');insert into instrument_deployments (instrument_reference_designator, platform_deployment_code) values('CE04OSSM-RID26-06-PHSEND000', 'CE04OSSM-RID26');insert into instrument_deployments (instrument_reference_designator, platform_deployment_code) values('CE04OSSM-RID27-01-OPTAAD000', 'CE04OSSM-RID27');insert into instrument_deployments (instrument_reference_designator, platform_deployment_code) values('CE04OSSM-RID27-02-FLORTD000', 'CE04OSSM-RID27');insert into instrument_deployments (instrument_reference_designator, platform_deployment_code) values('CE04OSSM-RID27-03-CTDBPC000', 'CE04OSSM-RID27');insert into instrument_deployments (instrument_reference_designator, platform_deployment_code) values('CE04OSSM-RID27-04-DOSTAD000', 'CE04OSSM-RID27');insert into instrument_deployments (instrument_reference_designator, platform_deployment_code) values('CE04OSSM-RID27-07-NUTNRB000', 'CE04OSSM-RID27');insert into instrument_deployments (instrument_reference_designator, platform_deployment_code) values('CE04OSSM-RID27-08-SPKIRB000', 'CE04OSSM-RID27');insert into instrument_deployments (instrument_reference_designator, platform_deployment_code) values('CE04OSHY-PC01B-4C-PCO2WA105', 'CE04OSHY-PC01B');insert into instrument_deployments (instrument_reference_designator, platform_deployment_code) values('CE04OSHY-PC01B-4B-PHSENA106', 'CE04OSHY-PC01B');insert into instrument_deployments (instrument_reference_designator, platform_deployment_code) values('CE04OSHY-PC01B-05-ZPLSCB102', 'CE04OSHY-PC01B');insert into instrument_deployments (instrument_reference_designator, platform_deployment_code) values('CE04OSHY-PC01B-4A-CTDPFA109', 'CE04OSHY-PC01B');insert into instrument_deployments (instrument_reference_designator, platform_deployment_code) values('CE04OSHY-PC01B-4A-DOSTAD109', 'CE04OSHY-PC01B');insert into instrument_deployments (instrument_reference_designator, platform_deployment_code) values('CE04OSHY-SF01B-2A-DOFSTA107', 'CE04OSHY-SF01B');insert into instrument_deployments (instrument_reference_designator, platform_deployment_code) values('CE04OSHY-SF01B-3B-OPTAAD105', 'CE04OSHY-SF01B');insert into instrument_deployments (instrument_reference_designator, platform_deployment_code) values('CE04OSHY-SF01B-4B-VELPTD106', 'CE04OSHY-SF01B');insert into instrument_deployments (instrument_reference_designator, platform_deployment_code) values('CE04OSHY-SF01B-4A-NUTNRA102', 'CE04OSHY-SF01B');insert into instrument_deployments (instrument_reference_designator, platform_deployment_code) values('CE04OSHY-SF01B-3D-SPKIRA102', 'CE04OSHY-SF01B');insert into instrument_deployments (instrument_reference_designator, platform_deployment_code) values('CE04OSHY-SF01B-3A-FLORTD104', 'CE04OSHY-SF01B');insert into instrument_deployments (instrument_reference_designator, platform_deployment_code) values('CE04OSHY-SF01B-2A-CTDPFA107', 'CE04OSHY-SF01B');insert into instrument_deployments (instrument_reference_designator, platform_deployment_code) values('CE04OSHY-SF01B-4F-PCO2WA102', 'CE04OSHY-SF01B');insert into instrument_deployments (instrument_reference_designator, platform_deployment_code) values('CE04OSHY-SF01B-3C-PARADA102', 'CE04OSHY-SF01B');insert into instrument_deployments (instrument_reference_designator, platform_deployment_code) values('CE04OSHY-SF01B-2B-PHSENA108', 'CE04OSHY-SF01B');insert into instrument_deployments (instrument_reference_designator, platform_deployment_code) values('CE04OSHY-DP01B-06-DOSTAD105', 'CE04OSHY-DP01B');insert into instrument_deployments (instrument_reference_designator, platform_deployment_code) values('CE04OSHY-DP01B-02-VEL3DA105', 'CE04OSHY-DP01B');insert into instrument_deployments (instrument_reference_designator, platform_deployment_code) values('CE04OSHY-DP01B-04-FLORTA103', 'CE04OSHY-DP01B');insert into instrument_deployments (instrument_reference_designator, platform_deployment_code) values('CE04OSHY-DP01B-01-CTDPFL105', 'CE04OSHY-DP01B');insert into instrument_deployments (instrument_reference_designator, platform_deployment_code) values('CE04OSBP-LJ01C-05-ADCPSI103', 'CE04OSBP-LJ01C');insert into instrument_deployments (instrument_reference_designator, platform_deployment_code) values('CE04OSBP-LJ01C-06-CTDBPO108', 'CE04OSBP-LJ01C');insert into instrument_deployments (instrument_reference_designator, platform_deployment_code) values('CE04OSBP-LJ01C-06-DOSTAD108', 'CE04OSBP-LJ01C');insert into instrument_deployments (instrument_reference_designator, platform_deployment_code) values('CE04OSBP-LJ01C-07-VEL3DC107', 'CE04OSBP-LJ01C');insert into instrument_deployments (instrument_reference_designator, platform_deployment_code) values('CE04OSBP-LJ01C-08-OPTAAC104', 'CE04OSBP-LJ01C');insert into instrument_deployments (instrument_reference_designator, platform_deployment_code) values('CE04OSBP-LJ01C-09-PCO2WB104', 'CE04OSBP-LJ01C');insert into instrument_deployments (instrument_reference_designator, platform_deployment_code) values('CE04OSBP-LJ01C-10-PHSEND107', 'CE04OSBP-LJ01C');insert into instrument_deployments (instrument_reference_designator, platform_deployment_code) values('CE04OSBP-LJ01C-11-HYDBBA105', 'CE04OSBP-LJ01C');insert into instrument_deployments (instrument_reference_designator, platform_deployment_code) values('CE04OSBP-LV01C-06-CAMDSB106', 'CE04OSBP-LV01C');insert into instrument_deployments (instrument_reference_designator, platform_deployment_code) values('CE02SHSM-SBD11-01-MOPAK0000', 'CE02SHSM-SBD11');insert into instrument_deployments (instrument_reference_designator, platform_deployment_code) values('CE02SHSM-SBD11-06-METBKA000', 'CE02SHSM-SBD11');insert into instrument_deployments (instrument_reference_designator, platform_deployment_code) values('CE02SHSM-SBD11-04-VELPTA000', 'CE02SHSM-SBD11');insert into instrument_deployments (instrument_reference_designator, platform_deployment_code) values('CE02SHSM-SBD12-04-PCO2AA000', 'CE02SHSM-SBD12');insert into instrument_deployments (instrument_reference_designator, platform_deployment_code) values('CE02SHSM-SBD12-05-WAVSSA000', 'CE02SHSM-SBD12');insert into instrument_deployments (instrument_reference_designator, platform_deployment_code) values('CE02SHSM-SBD12-08-FDCHPA000', 'CE02SHSM-SBD12');insert into instrument_deployments (instrument_reference_designator, platform_deployment_code) values('CE02SHSM-RID26-01-ADCPTA000', 'CE02SHSM-RID26');insert into instrument_deployments (instrument_reference_designator, platform_deployment_code) values('CE02SHSM-RID26-04-VELPTA000', 'CE02SHSM-RID26');insert into instrument_deployments (instrument_reference_designator, platform_deployment_code) values('CE02SHSM-RID26-05-ACOMM0000', 'CE02SHSM-RID26');insert into instrument_deployments (instrument_reference_designator, platform_deployment_code) values('CE02SHSM-RID26-06-PHSEND000', 'CE02SHSM-RID26');insert into instrument_deployments (instrument_reference_designator, platform_deployment_code) values('CE02SHSM-RID27-01-OPTAAD000', 'CE02SHSM-RID27');insert into instrument_deployments (instrument_reference_designator, platform_deployment_code) values('CE02SHSM-RID27-02-FLORTD000', 'CE02SHSM-RID27');insert into instrument_deployments (instrument_reference_designator, platform_deployment_code) values('CE02SHSM-RID27-03-CTDBPC000', 'CE02SHSM-RID27');insert into instrument_deployments (instrument_reference_designator, platform_deployment_code) values('CE02SHSM-RID27-04-DOSTAD000', 'CE02SHSM-RID27');insert into instrument_deployments (instrument_reference_designator, platform_deployment_code) values('CE02SHSM-RID27-07-NUTNRB000', 'CE02SHSM-RID27');insert into instrument_deployments (instrument_reference_designator, platform_deployment_code) values('CE02SHSM-RID27-08-SPKIRB000', 'CE02SHSM-RID27');insert into instrument_deployments (instrument_reference_designator, platform_deployment_code) values('CE02SHSP-SP001-01-DOSTAJ000', 'CE02SHSP-SP001');insert into instrument_deployments (instrument_reference_designator, platform_deployment_code) values('CE02SHSP-SP001-02-VELPTJ000', 'CE02SHSP-SP001');insert into instrument_deployments (instrument_reference_designator, platform_deployment_code) values('CE02SHSP-SP001-03-PCO2W0000', 'CE02SHSP-SP001');insert into instrument_deployments (instrument_reference_designator, platform_deployment_code) values('CE02SHSP-SP001-04-OPTAAJ000', 'CE02SHSP-SP001');insert into instrument_deployments (instrument_reference_designator, platform_deployment_code) values('CE02SHSP-SP001-05-NUTNRJ000', 'CE02SHSP-SP001');insert into instrument_deployments (instrument_reference_designator, platform_deployment_code) values('CE02SHSP-SP001-06-SPKIRJ000', 'CE02SHSP-SP001');insert into instrument_deployments (instrument_reference_designator, platform_deployment_code) values('CE02SHSP-SP001-07-FLORTJ000', 'CE02SHSP-SP001');insert into instrument_deployments (instrument_reference_designator, platform_deployment_code) values('CE02SHSP-SP001-01-CTDPFJ000', 'CE02SHSP-SP001');insert into instrument_deployments (instrument_reference_designator, platform_deployment_code) values('CE02SHSP-SP001-08-PARADJ000', 'CE02SHSP-SP001');insert into instrument_deployments (instrument_reference_designator, platform_deployment_code) values('CE02SHBP-MJ01C-07-ZPLSCB101', 'CE02SHBP-MJ01C');insert into instrument_deployments (instrument_reference_designator, platform_deployment_code) values('CE02SHBP-LJ01D-05-ADCPTB104', 'CE02SHBP-LJ01D');insert into instrument_deployments (instrument_reference_designator, platform_deployment_code) values('CE02SHBP-LJ01D-06-CTDBPN106', 'CE02SHBP-LJ01D');insert into instrument_deployments (instrument_reference_designator, platform_deployment_code) values('CE02SHBP-LJ01D-06-DOSTAD106', 'CE02SHBP-LJ01D');insert into instrument_deployments (instrument_reference_designator, platform_deployment_code) values('CE02SHBP-LJ01D-07-VEL3DC108', 'CE02SHBP-LJ01D');insert into instrument_deployments (instrument_reference_designator, platform_deployment_code) values('CE02SHBP-LJ01D-08-OPTAAD106', 'CE02SHBP-LJ01D');insert into instrument_deployments (instrument_reference_designator, platform_deployment_code) values('CE02SHBP-LJ01D-09-PCO2WB103', 'CE02SHBP-LJ01D');insert into instrument_deployments (instrument_reference_designator, platform_deployment_code) values('CE02SHBP-LJ01D-10-PHSEND103', 'CE02SHBP-LJ01D');insert into instrument_deployments (instrument_reference_designator, platform_deployment_code) values('CE02SHBP-LJ01D-11-HYDBBA106', 'CE02SHBP-LJ01D');insert into instrument_deployments (instrument_reference_designator, platform_deployment_code) values('CE02SHBP-MJ01C-08-CAMDSB107', 'CE02SHBP-MJ01C');insert into instrument_deployments (instrument_reference_designator, platform_deployment_code) values('CE01ISSM-SBD17-01-MOPAK0000', 'CE01ISSM-SBD17');insert into instrument_deployments (instrument_reference_designator, platform_deployment_code) values('CE01ISSM-SBD17-04-VELPTA000', 'CE01ISSM-SBD17');insert into instrument_deployments (instrument_reference_designator, platform_deployment_code) values('CE01ISSM-RID16-01-OPTAAD000', 'CE01ISSM-RID16');insert into instrument_deployments (instrument_reference_designator, platform_deployment_code) values('CE01ISSM-RID16-02-FLORTD000', 'CE01ISSM-RID16');insert into instrument_deployments (instrument_reference_designator, platform_deployment_code) values('CE01ISSM-RID16-03-CTDBPC001', 'CE01ISSM-RID16');insert into instrument_deployments (instrument_reference_designator, platform_deployment_code) values('CE01ISSM-RID16-03-DOSTAD002', 'CE01ISSM-RID16');insert into instrument_deployments (instrument_reference_designator, platform_deployment_code) values('CE01ISSM-RID16-04-VELPTA000', 'CE01ISSM-RID16');insert into instrument_deployments (instrument_reference_designator, platform_deployment_code) values('CE01ISSM-RID16-05-PCO2WB000', 'CE01ISSM-RID16');insert into instrument_deployments (instrument_reference_designator, platform_deployment_code) values('CE01ISSM-RID16-06-PHSEND000', 'CE01ISSM-RID16');insert into instrument_deployments (instrument_reference_designator, platform_deployment_code) values('CE01ISSM-RID16-07-NUTNRB000', 'CE01ISSM-RID16');insert into instrument_deployments (instrument_reference_designator, platform_deployment_code) values('CE01ISSM-RID16-08-SPKIRB000', 'CE01ISSM-RID16');insert into instrument_deployments (instrument_reference_designator, platform_deployment_code) values('CE01ISSM-RID16-00-ACOMM0000', 'CE01ISSM-RID16');insert into instrument_deployments (instrument_reference_designator, platform_deployment_code) values('CE01ISSM-MFD35-01-VEL3DD000', 'CE01ISSM-MFD35');insert into instrument_deployments (instrument_reference_designator, platform_deployment_code) values('CE01ISSM-MFD35-02-PRESFA000', 'CE01ISSM-MFD35');insert into instrument_deployments (instrument_reference_designator, platform_deployment_code) values('CE01ISSM-MFD35-04-ADCPTM000', 'CE01ISSM-MFD35');insert into instrument_deployments (instrument_reference_designator, platform_deployment_code) values('CE01ISSM-MFD35-05-PCO2WB000', 'CE01ISSM-MFD35');insert into instrument_deployments (instrument_reference_designator, platform_deployment_code) values('CE01ISSM-MFD35-06-PHSEND000', 'CE01ISSM-MFD35');insert into instrument_deployments (instrument_reference_designator, platform_deployment_code) values('CE01ISSM-MFD37-01-OPTAAD000', 'CE01ISSM-MFD37');insert into instrument_deployments (instrument_reference_designator, platform_deployment_code) values('CE01ISSM-MFD37-03-CTDBPC000', 'CE01ISSM-MFD37');insert into instrument_deployments (instrument_reference_designator, platform_deployment_code) values('CE01ISSM-MFD37-04-DOSTAD000', 'CE01ISSM-MFD37');insert into instrument_deployments (instrument_reference_designator, platform_deployment_code) values('CE01ISSM-MFD00-00-CAMDSA000', 'CE01ISSM-MFD00');insert into instrument_deployments (instrument_reference_designator, platform_deployment_code) values('CE01ISSM-MFD00-00-ZPLSCC000', 'CE01ISSM-MFD00');insert into instrument_deployments (instrument_reference_designator, platform_deployment_code) values('CE01ISSP-PL001-01-ACOMM0000', 'CE01ISSP-PL001');insert into instrument_deployments (instrument_reference_designator, platform_deployment_code) values('CE01ISSP-SP001-02-DOSTAJ000', 'CE01ISSP-SP001');insert into instrument_deployments (instrument_reference_designator, platform_deployment_code) values('CE01ISSP-SP001-03-PCO2W0000', 'CE01ISSP-SP001');insert into instrument_deployments (instrument_reference_designator, platform_deployment_code) values('CE01ISSP-SP001-04-OPTAAJ000', 'CE01ISSP-SP001');insert into instrument_deployments (instrument_reference_designator, platform_deployment_code) values('CE01ISSP-SP001-05-VELPTJ000', 'CE01ISSP-SP001');insert into instrument_deployments (instrument_reference_designator, platform_deployment_code) values('CE01ISSP-SP001-06-NUTNRJ000', 'CE01ISSP-SP001');insert into instrument_deployments (instrument_reference_designator, platform_deployment_code) values('CE01ISSP-SP001-07-SPKIRJ000', 'CE01ISSP-SP001');insert into instrument_deployments (instrument_reference_designator, platform_deployment_code) values('CE01ISSP-SP001-08-FLORTJ000', 'CE01ISSP-SP001');insert into instrument_deployments (instrument_reference_designator, platform_deployment_code) values('CE01ISSP-SP001-09-CTDPFJ000', 'CE01ISSP-SP001');insert into instrument_deployments (instrument_reference_designator, platform_deployment_code) values('CE01ISSP-SP001-10-PARADJ000', 'CE01ISSP-SP001');insert into instrument_deployments (instrument_reference_designator, platform_deployment_code) values('CE09OSSM-SBD11-01-MOPAK0000', 'CE09OSSM-SBD11');insert into instrument_deployments (instrument_reference_designator, platform_deployment_code) values('CE09OSSM-SBD11-06-METBKA000', 'CE09OSSM-SBD11');insert into instrument_deployments (instrument_reference_designator, platform_deployment_code) values('CE09OSSM-SBD11-04-VELPTA000', 'CE09OSSM-SBD11');insert into instrument_deployments (instrument_reference_designator, platform_deployment_code) values('CE09OSSM-SBD12-04-PCO2AA000', 'CE09OSSM-SBD12');insert into instrument_deployments (instrument_reference_designator, platform_deployment_code) values('CE09OSSM-SBD12-05-WAVSSA000', 'CE09OSSM-SBD12');insert into instrument_deployments (instrument_reference_designator, platform_deployment_code) values('CE09OSSM-RID26-01-ADCPTC000', 'CE09OSSM-RID26');insert into instrument_deployments (instrument_reference_designator, platform_deployment_code) values('CE09OSSM-RID26-04-VELPTA000', 'CE09OSSM-RID26');insert into instrument_deployments (instrument_reference_designator, platform_deployment_code) values('CE09OSSM-RID26-05-ACOMM0000', 'CE09OSSM-RID26');insert into instrument_deployments (instrument_reference_designator, platform_deployment_code) values('CE09OSSM-RID26-06-PHSEND000', 'CE09OSSM-RID26');insert into instrument_deployments (instrument_reference_designator, platform_deployment_code) values('CE09OSSM-RID27-01-OPTAAD000', 'CE09OSSM-RID27');insert into instrument_deployments (instrument_reference_designator, platform_deployment_code) values('CE09OSSM-RID27-02-FLORTD000', 'CE09OSSM-RID27');insert into instrument_deployments (instrument_reference_designator, platform_deployment_code) values('CE09OSSM-RID27-03-CTDBPC000', 'CE09OSSM-RID27');insert into instrument_deployments (instrument_reference_designator, platform_deployment_code) values('CE09OSSM-RID27-04-DOSTAD000', 'CE09OSSM-RID27');insert into instrument_deployments (instrument_reference_designator, platform_deployment_code) values('CE09OSSM-RID27-07-NUTNRB000', 'CE09OSSM-RID27');insert into instrument_deployments (instrument_reference_designator, platform_deployment_code) values('CE09OSSM-RID27-08-SPKIRB000', 'CE09OSSM-RID27');insert into instrument_deployments (instrument_reference_designator, platform_deployment_code) values('CE09OSSM-MFD35-01-VEL3DD000', 'CE09OSSM-MFD35');insert into instrument_deployments (instrument_reference_designator, platform_deployment_code) values('CE09OSSM-MFD35-02-PRESFC000', 'CE09OSSM-MFD35');insert into instrument_deployments (instrument_reference_designator, platform_deployment_code) values('CE09OSSM-MFD35-04-ADCPSJ000', 'CE09OSSM-MFD35');insert into instrument_deployments (instrument_reference_designator, platform_deployment_code) values('CE09OSSM-MFD35-05-PCO2WB000', 'CE09OSSM-MFD35');insert into instrument_deployments (instrument_reference_designator, platform_deployment_code) values('CE09OSSM-MFD35-06-PHSEND000', 'CE09OSSM-MFD35');insert into instrument_deployments (instrument_reference_designator, platform_deployment_code) values('CE09OSSM-MFD37-01-OPTAAC000', 'CE09OSSM-MFD37');insert into instrument_deployments (instrument_reference_designator, platform_deployment_code) values('CE09OSSM-MFD37-03-CTDBPE000', 'CE09OSSM-MFD37');insert into instrument_deployments (instrument_reference_designator, platform_deployment_code) values('CE09OSSM-MFD37-04-DOSTAD000', 'CE09OSSM-MFD37');insert into instrument_deployments (instrument_reference_designator, platform_deployment_code) values('CE09OSSM-MFD37-00-ZPLSCC000', 'CE09OSSM-MFD37');insert into instrument_deployments (instrument_reference_designator, platform_deployment_code) values('CE09OSSM-MFD00-00-CAMDSA000', 'CE09OSSM-MFD00');insert into instrument_deployments (instrument_reference_designator, platform_deployment_code) values('CE09OSPM-WF001-01-VEL3DK000', 'CE09OSPM-WF001');insert into instrument_deployments (instrument_reference_designator, platform_deployment_code) values('CE09OSPM-WF001-02-DOFSTK000', 'CE09OSPM-WF001');insert into instrument_deployments (instrument_reference_designator, platform_deployment_code) values('CE09OSPM-WF001-03-CTDPFK000', 'CE09OSPM-WF001');insert into instrument_deployments (instrument_reference_designator, platform_deployment_code) values('CE09OSPM-WF001-04-FLORTK000', 'CE09OSPM-WF001');insert into instrument_deployments (instrument_reference_designator, platform_deployment_code) values('CE09OSPM-WF001-05-PARADK000', 'CE09OSPM-WF001');insert into instrument_deployments (instrument_reference_designator, platform_deployment_code) values('CE07SHSM-SBD11-01-MOPAK0000', 'CE07SHSM-SBD11');insert into instrument_deployments (instrument_reference_designator, platform_deployment_code) values('CE07SHSM-SBD11-06-METBKA000', 'CE07SHSM-SBD11');insert into instrument_deployments (instrument_reference_designator, platform_deployment_code) values('CE07SHSM-SBD11-04-PCO2AA000', 'CE07SHSM-SBD11');insert into instrument_deployments (instrument_reference_designator, platform_deployment_code) values('CE07SHSM-SBD12-04-VELPTA000', 'CE07SHSM-SBD12');insert into instrument_deployments (instrument_reference_designator, platform_deployment_code) values('CE07SHSM-SBD12-05-WAVSSA000', 'CE07SHSM-SBD12');insert into instrument_deployments (instrument_reference_designator, platform_deployment_code) values('CE07SHSM-RID26-01-ADCPTA000', 'CE07SHSM-RID26');insert into instrument_deployments (instrument_reference_designator, platform_deployment_code) values('CE07SHSM-RID26-04-VELPTA000', 'CE07SHSM-RID26');insert into instrument_deployments (instrument_reference_designator, platform_deployment_code) values('CE07SHSM-RID26-05-ACOMM0000', 'CE07SHSM-RID26');insert into instrument_deployments (instrument_reference_designator, platform_deployment_code) values('CE07SHSM-RID26-06-PHSEND000', 'CE07SHSM-RID26');insert into instrument_deployments (instrument_reference_designator, platform_deployment_code) values('CE07SHSM-RID27-01-OPTAAD000', 'CE07SHSM-RID27');insert into instrument_deployments (instrument_reference_designator, platform_deployment_code) values('CE07SHSM-RID27-02-FLORTD000', 'CE07SHSM-RID27');insert into instrument_deployments (instrument_reference_designator, platform_deployment_code) values('CE07SHSM-RID27-03-CTDBPC000', 'CE07SHSM-RID27');insert into instrument_deployments (instrument_reference_designator, platform_deployment_code) values('CE07SHSM-RID27-04-DOSTAD000', 'CE07SHSM-RID27');insert into instrument_deployments (instrument_reference_designator, platform_deployment_code) values('CE07SHSM-RID27-07-NUTNRB000', 'CE07SHSM-RID27');insert into instrument_deployments (instrument_reference_designator, platform_deployment_code) values('CE07SHSM-RID27-08-SPKIRB000', 'CE07SHSM-RID27');insert into instrument_deployments (instrument_reference_designator, platform_deployment_code) values('CE07SHSM-MFD35-01-VEL3DD000', 'CE07SHSM-MFD35');insert into instrument_deployments (instrument_reference_designator, platform_deployment_code) values('CE07SHSM-MFD35-02-PRESFB000', 'CE07SHSM-MFD35');insert into instrument_deployments (instrument_reference_designator, platform_deployment_code) values('CE07SHSM-MFD35-04-ADCPTC000', 'CE07SHSM-MFD35');insert into instrument_deployments (instrument_reference_designator, platform_deployment_code) values('CE07SHSM-MFD35-05-PCO2WB000', 'CE07SHSM-MFD35');insert into instrument_deployments (instrument_reference_designator, platform_deployment_code) values('CE07SHSM-MFD35-06-PHSEND000', 'CE07SHSM-MFD35');insert into instrument_deployments (instrument_reference_designator, platform_deployment_code) values('CE07SHSM-MFD37-01-OPTAAD000', 'CE07SHSM-MFD37');insert into instrument_deployments (instrument_reference_designator, platform_deployment_code) values('CE07SHSM-MFD37-03-CTDBPC000', 'CE07SHSM-MFD37');insert into instrument_deployments (instrument_reference_designator, platform_deployment_code) values('CE07SHSM-MFD37-04-DOSTAD000', 'CE07SHSM-MFD37');insert into instrument_deployments (instrument_reference_designator, platform_deployment_code) values('CE07SHSM-MFD00-00-CAMDSA000', 'CE07SHSM-MFD00');insert into instrument_deployments (instrument_reference_designator, platform_deployment_code) values('CE07SHSM-MFD00-00-ZPLSCC000', 'CE07SHSM-MFD00');insert into instrument_deployments (instrument_reference_designator, platform_deployment_code) values('CE07SHSP-PL001-01-ACOMM0000', 'CE07SHSP-PL001');insert into instrument_deployments (instrument_reference_designator, platform_deployment_code) values('CE07SHSP-SP001-01-DOSTA0000', 'CE07SHSP-PL001');insert into instrument_deployments (instrument_reference_designator, platform_deployment_code) values('CE07SHSP-SP001-02-VELPT0000', 'CE07SHSP-PL001');insert into instrument_deployments (instrument_reference_designator, platform_deployment_code) values('CE07SHSP-SP001-03-PCO2W0000', 'CE07SHSP-PL001');insert into instrument_deployments (instrument_reference_designator, platform_deployment_code) values('CE07SHSP-SP001-04-OPTAA0000', 'CE07SHSP-PL001');insert into instrument_deployments (instrument_reference_designator, platform_deployment_code) values('CE07SHSP-SP001-05-NUTNR0000', 'CE07SHSP-PL001');insert into instrument_deployments (instrument_reference_designator, platform_deployment_code) values('CE07SHSP-SP001-06-SPKIR0000', 'CE07SHSP-PL001');insert into instrument_deployments (instrument_reference_designator, platform_deployment_code) values('CE07SHSP-SP001-07-FLORT0000', 'CE07SHSP-PL001');insert into instrument_deployments (instrument_reference_designator, platform_deployment_code) values('CE07SHSP-SP001-08-CTDPF0000', 'CE07SHSP-PL001');insert into instrument_deployments (instrument_reference_designator, platform_deployment_code) values('CE07SHSP-SP001-09-PARAD0000', 'CE07SHSP-PL001');insert into instrument_deployments (instrument_reference_designator, platform_deployment_code) values('CE06ISSM-SBD17-01-MOPAK0000', 'CE06ISSM-SBD17');insert into instrument_deployments (instrument_reference_designator, platform_deployment_code) values('CE06ISSM-SBD17-04-VELPTA000', 'CE06ISSM-SBD17');insert into instrument_deployments (instrument_reference_designator, platform_deployment_code) values('CE06ISSM-RID16-01-OPTAAD000', 'CE06ISSM-RID16');insert into instrument_deployments (instrument_reference_designator, platform_deployment_code) values('CE06ISSM-RID16-02-FLORTD000', 'CE06ISSM-RID16');insert into instrument_deployments (instrument_reference_designator, platform_deployment_code) values('CE06ISSM-RID16-03-CTDBPC000', 'CE06ISSM-RID16');insert into instrument_deployments (instrument_reference_designator, platform_deployment_code) values('CE06ISSM-RID16-03-DOSTAD000', 'CE06ISSM-RID16');insert into instrument_deployments (instrument_reference_designator, platform_deployment_code) values('CE06ISSM-RID16-04-VELPTA000', 'CE06ISSM-RID16');insert into instrument_deployments (instrument_reference_designator, platform_deployment_code) values('CE06ISSM-RID16-05-PCO2WB000', 'CE06ISSM-RID16');insert into instrument_deployments (instrument_reference_designator, platform_deployment_code) values('CE06ISSM-RID16-06-PHSEND000', 'CE06ISSM-RID16');insert into instrument_deployments (instrument_reference_designator, platform_deployment_code) values('CE06ISSM-RID16-07-NUTNRB000', 'CE06ISSM-RID16');insert into instrument_deployments (instrument_reference_designator, platform_deployment_code) values('CE06ISSM-RID16-08-SPKIRB000', 'CE06ISSM-RID16');insert into instrument_deployments (instrument_reference_designator, platform_deployment_code) values('CE06ISSM-RID16-00-ACOMM0000', 'CE06ISSM-RID16');insert into instrument_deployments (instrument_reference_designator, platform_deployment_code) values('CE06ISSM-MFD35-01-VEL3DD000', 'CE06ISSM-MFD35');insert into instrument_deployments (instrument_reference_designator, platform_deployment_code) values('CE06ISSM-MFD35-02-PRESFA000', 'CE06ISSM-MFD35');insert into instrument_deployments (instrument_reference_designator, platform_deployment_code) values('CE06ISSM-MFD35-04-ADCPTM000', 'CE06ISSM-MFD35');insert into instrument_deployments (instrument_reference_designator, platform_deployment_code) values('CE06ISSM-MFD35-05-PCO2WB000', 'CE06ISSM-MFD35');insert into instrument_deployments (instrument_reference_designator, platform_deployment_code) values('CE06ISSM-MFD35-06-PHSEND000', 'CE06ISSM-MFD35');insert into instrument_deployments (instrument_reference_designator, platform_deployment_code) values('CE06ISSM-MFD37-01-OPTAAD000', 'CE06ISSM-MFD37');insert into instrument_deployments (instrument_reference_designator, platform_deployment_code) values('CE06ISSM-MFD37-03-CTDBPC000', 'CE06ISSM-MFD37');insert into instrument_deployments (instrument_reference_designator, platform_deployment_code) values('CE06ISSM-MFD37-04-DOSTAD000', 'CE06ISSM-MFD37');insert into instrument_deployments (instrument_reference_designator, platform_deployment_code) values('CE06ISSM-MFD00-00-CAMDSA000', 'CE06ISSM-MFD00');insert into instrument_deployments (instrument_reference_designator, platform_deployment_code) values('CE06ISSM-MFD00-00-ZPLSCC000', 'CE06ISSM-MFD00');insert into instrument_deployments (instrument_reference_designator, platform_deployment_code) values('CE06ISSP-PL001-01-ACOMM0000', 'CE06ISSP-PL001');insert into instrument_deployments (instrument_reference_designator, platform_deployment_code) values('CE06ISSP-SP001-02-DOSTA0000', 'CE06ISSP-PL001');insert into instrument_deployments (instrument_reference_designator, platform_deployment_code) values('CE06ISSP-SP001-03-PCO2W0000', 'CE06ISSP-PL001');insert into instrument_deployments (instrument_reference_designator, platform_deployment_code) values('CE06ISSP-SP001-04-OPTAA0000', 'CE06ISSP-PL001');insert into instrument_deployments (instrument_reference_designator, platform_deployment_code) values('CE06ISSP-SP001-05-VELPT0000', 'CE06ISSP-PL001');insert into instrument_deployments (instrument_reference_designator, platform_deployment_code) values('CE06ISSP-SP001-06-NUTNR0000', 'CE06ISSP-PL001');insert into instrument_deployments (instrument_reference_designator, platform_deployment_code) values('CE06ISSP-SP001-07-SPKIR0000', 'CE06ISSP-PL001');insert into instrument_deployments (instrument_reference_designator, platform_deployment_code) values('CE06ISSP-SP001-08-FLORT0000', 'CE06ISSP-PL001');insert into instrument_deployments (instrument_reference_designator, platform_deployment_code) values('CE06ISSP-SP001-09-CTDPF0000', 'CE06ISSP-PL001');insert into instrument_deployments (instrument_reference_designator, platform_deployment_code) values('CE06ISSP-SP001-10-PARAD0000', 'CE06ISSP-PL001');insert into instrument_deployments (instrument_reference_designator, platform_deployment_code) values('CE05MOAS-GL001-01-PARADM000', 'CE05MOAS-GL001');insert into instrument_deployments (instrument_reference_designator, platform_deployment_code) values('CE05MOAS-GL001-02-FLORTM000', 'CE05MOAS-GL001');insert into instrument_deployments (instrument_reference_designator, platform_deployment_code) values('CE05MOAS-GL001-03-ADCPAM000', 'CE05MOAS-GL001');insert into instrument_deployments (instrument_reference_designator, platform_deployment_code) values('CE05MOAS-GL001-04-DOSTAM000', 'CE05MOAS-GL001');insert into instrument_deployments (instrument_reference_designator, platform_deployment_code) values('CE05MOAS-GL001-05-CTDGVM000', 'CE05MOAS-GL001');insert into instrument_deployments (instrument_reference_designator, platform_deployment_code) values('CE05MOAS-GL002-01-PARADM000', 'CE05MOAS-GL002');insert into instrument_deployments (instrument_reference_designator, platform_deployment_code) values('CE05MOAS-GL002-02-FLORTM000', 'CE05MOAS-GL002');insert into instrument_deployments (instrument_reference_designator, platform_deployment_code) values('CE05MOAS-GL002-03-ADCPAM000', 'CE05MOAS-GL002');insert into instrument_deployments (instrument_reference_designator, platform_deployment_code) values('CE05MOAS-GL002-04-DOSTAM000', 'CE05MOAS-GL002');insert into instrument_deployments (instrument_reference_designator, platform_deployment_code) values('CE05MOAS-GL002-05-CTDGVM000', 'CE05MOAS-GL002');insert into instrument_deployments (instrument_reference_designator, platform_deployment_code) values('CE05MOAS-GL003-01-PARADM000', 'CE05MOAS-GL003');insert into instrument_deployments (instrument_reference_designator, platform_deployment_code) values('CE05MOAS-GL003-02-FLORTM000', 'CE05MOAS-GL003');insert into instrument_deployments (instrument_reference_designator, platform_deployment_code) values('CE05MOAS-GL003-03-ADCPAM000', 'CE05MOAS-GL003');insert into instrument_deployments (instrument_reference_designator, platform_deployment_code) values('CE05MOAS-GL003-04-DOSTAM000', 'CE05MOAS-GL003');insert into instrument_deployments (instrument_reference_designator, platform_deployment_code) values('CE05MOAS-GL003-05-CTDGVM000', 'CE05MOAS-GL003');insert into instrument_deployments (instrument_reference_designator, platform_deployment_code) values('CE05MOAS-GL004-01-PARADM000', 'CE05MOAS-GL004');insert into instrument_deployments (instrument_reference_designator, platform_deployment_code) values('CE05MOAS-GL004-02-FLORTM000', 'CE05MOAS-GL004');insert into instrument_deployments (instrument_reference_designator, platform_deployment_code) values('CE05MOAS-GL004-03-ADCPAM000', 'CE05MOAS-GL004');insert into instrument_deployments (instrument_reference_designator, platform_deployment_code) values('CE05MOAS-GL004-04-DOSTAM000', 'CE05MOAS-GL004');insert into instrument_deployments (instrument_reference_designator, platform_deployment_code) values('CE05MOAS-GL004-05-CTDGVM000', 'CE05MOAS-GL004');insert into instrument_deployments (instrument_reference_designator, platform_deployment_code) values('CE05MOAS-GL005-01-PARADM000', 'CE05MOAS-GL005');insert into instrument_deployments (instrument_reference_designator, platform_deployment_code) values('CE05MOAS-GL005-02-FLORTM000', 'CE05MOAS-GL005');insert into instrument_deployments (instrument_reference_designator, platform_deployment_code) values('CE05MOAS-GL005-03-ADCPAM000', 'CE05MOAS-GL005');insert into instrument_deployments (instrument_reference_designator, platform_deployment_code) values('CE05MOAS-GL005-04-DOSTAM000', 'CE05MOAS-GL005');insert into instrument_deployments (instrument_reference_designator, platform_deployment_code) values('CE05MOAS-GL005-05-CTDGVM000', 'CE05MOAS-GL005');insert into instrument_deployments (instrument_reference_designator, platform_deployment_code) values('CE05MOAS-GL006-01-PARADM000', 'CE05MOAS-GL006');insert into instrument_deployments (instrument_reference_designator, platform_deployment_code) values('CE05MOAS-GL006-02-FLORTM000', 'CE05MOAS-GL006');insert into instrument_deployments (instrument_reference_designator, platform_deployment_code) values('CE05MOAS-GL006-03-ADCPAM000', 'CE05MOAS-GL006');insert into instrument_deployments (instrument_reference_designator, platform_deployment_code) values('CE05MOAS-GL006-04-DOSTAM000', 'CE05MOAS-GL006');insert into instrument_deployments (instrument_reference_designator, platform_deployment_code) values('CE05MOAS-GL006-05-CTDGVM000', 'CE05MOAS-GL006');