/* Array list - 11/18/2014 */
INSERT INTO arrays VALUES ('GS', '55S');
INSERT INTO arrays VALUES ('GA', 'Argentine');
INSERT INTO arrays VALUES ('GI', 'Irminger Sea');
INSERT INTO arrays VALUES ('GP', 'PAPA Mooring');
INSERT INTO arrays VALUES ('CP', 'Pioneer');
INSERT INTO arrays VALUES ('CE', 'Endurance');


/* Platform List */
INSERT INTO platforms VALUES ('GS01SUMO-SM001', 'GS');
INSERT INTO platforms VALUES ('GS01SUMO-SBD11', 'GS');
INSERT INTO platforms VALUES ('GS01SUMO-SBD12', 'GS');
INSERT INTO platforms VALUES ('GS01SUMO-RID16', 'GS');
INSERT INTO platforms VALUES ('GS01SUMO-RII11', 'GS');
INSERT INTO platforms VALUES ('GS02HYPM-GP001', 'GS');
INSERT INTO platforms VALUES ('GS02HYPM-WFP02', 'GS');
INSERT INTO platforms VALUES ('GS02HYPM-WFP03', 'GS');
INSERT INTO platforms VALUES ('GS02HYPM-MPC04', 'GS');
INSERT INTO platforms VALUES ('GS02HYPM-RIS01', 'GS');
INSERT INTO platforms VALUES ('GS03FLMA-FM001', 'GS');
INSERT INTO platforms VALUES ('GS03FLMA-RIS01', 'GS');
INSERT INTO platforms VALUES ('GS03FLMA-RIS02', 'GS');
INSERT INTO platforms VALUES ('GS03FLMB-FM001', 'GS');
INSERT INTO platforms VALUES ('GS03FLMB-RIS01', 'GS');
INSERT INTO platforms VALUES ('GS03FLMB-RIS02', 'GS');
INSERT INTO platforms VALUES ('GS05MOAS-GL001', 'GS');
INSERT INTO platforms VALUES ('GS05MOAS-GL002', 'GS');
INSERT INTO platforms VALUES ('GS05MOAS-GL003', 'GS');
INSERT INTO platforms VALUES ('GS05MOAS-PG001', 'GS');
INSERT INTO platforms VALUES ('GS05MOAS-PG002', 'GS');
INSERT INTO platforms VALUES ('GA01SUMO-SM001', 'GA');
INSERT INTO platforms VALUES ('GA01SUMO-SBD11', 'GA');
INSERT INTO platforms VALUES ('GA01SUMO-SBD12', 'GA');
INSERT INTO platforms VALUES ('GA01SUMO-RID16', 'GA');
INSERT INTO platforms VALUES ('GA01SUMO-RII11', 'GA');
INSERT INTO platforms VALUES ('GA02HYPM-GP001', 'GA');
INSERT INTO platforms VALUES ('GA02HYPM-WFP02', 'GA');
INSERT INTO platforms VALUES ('GA02HYPM-WFP03', 'GA');
INSERT INTO platforms VALUES ('GA02HYPM-MPC04', 'GA');
INSERT INTO platforms VALUES ('GA02HYPM-RIS01', 'GA');
INSERT INTO platforms VALUES ('GA03FLMA-FM001', 'GA');
INSERT INTO platforms VALUES ('GA03FLMA-RIS01', 'GA');
INSERT INTO platforms VALUES ('GA03FLMA-RIS02', 'GA');
INSERT INTO platforms VALUES ('GA03FLMB-FM001', 'GA');
INSERT INTO platforms VALUES ('GA03FLMB-RIS01', 'GA');
INSERT INTO platforms VALUES ('GA03FLMB-RIS02', 'GA');
INSERT INTO platforms VALUES ('GA05MOAS-GL001', 'GA');
INSERT INTO platforms VALUES ('GA05MOAS-GL002', 'GA');
INSERT INTO platforms VALUES ('GA05MOAS-GL003', 'GA');
INSERT INTO platforms VALUES ('GA05MOAS-PG001', 'GA');
INSERT INTO platforms VALUES ('GA05MOAS-PG002', 'GA');
INSERT INTO platforms VALUES ('GI01SUMO-SM001', 'GI');
INSERT INTO platforms VALUES ('GI01SUMO-SBD11', 'GI');
INSERT INTO platforms VALUES ('GI01SUMO-SBD12', 'GI');
INSERT INTO platforms VALUES ('GI01SUMO-RID16', 'GI');
INSERT INTO platforms VALUES ('GI01SUMO-RII11', 'GI');
INSERT INTO platforms VALUES ('GI02HYPM-GP001', 'GI');
INSERT INTO platforms VALUES ('GI02HYPM-WFP02', 'GI');
INSERT INTO platforms VALUES ('GI02HYPM-MPC04', 'GI');
INSERT INTO platforms VALUES ('GI02HYPM-RIS01', 'GI');
INSERT INTO platforms VALUES ('GI03FLMA-FM001', 'GI');
INSERT INTO platforms VALUES ('GI03FLMA-RIS01', 'GI');
INSERT INTO platforms VALUES ('GI03FLMA-RIS02', 'GI');
INSERT INTO platforms VALUES ('GI03FLMB-FM001', 'GI');
INSERT INTO platforms VALUES ('GI03FLMB-RIS01', 'GI');
INSERT INTO platforms VALUES ('GI03FLMB-RIS02', 'GI');
INSERT INTO platforms VALUES ('GI05MOAS-GL001', 'GI');
INSERT INTO platforms VALUES ('GI05MOAS-GL002', 'GI');
INSERT INTO platforms VALUES ('GI05MOAS-GL003', 'GI');
INSERT INTO platforms VALUES ('GI05MOAS-PG001', 'GI');
INSERT INTO platforms VALUES ('GI05MOAS-PG002', 'GI');
INSERT INTO platforms VALUES ('CP01CNSM-HM001', 'CP');
INSERT INTO platforms VALUES ('CP01CNSM-SBD11', 'CP');
INSERT INTO platforms VALUES ('CP01CNSM-SBD12', 'CP');
INSERT INTO platforms VALUES ('CP01CNSM-RID26', 'CP');
INSERT INTO platforms VALUES ('CP01CNSM-RID27', 'CP');
INSERT INTO platforms VALUES ('CP01CNSM-MFD35', 'CP');
INSERT INTO platforms VALUES ('CP01CNSM-MFD37', 'CP');
INSERT INTO platforms VALUES ('CP01CNSM-MFD00', 'CP');
INSERT INTO platforms VALUES ('CP01CNSP-CP001', 'CP');
INSERT INTO platforms VALUES ('CP01CNSP-PL001', 'CP');
INSERT INTO platforms VALUES ('CP01CNSP-SP001', 'CP');
INSERT INTO platforms VALUES ('CP03ISSM-HM001', 'CP');
INSERT INTO platforms VALUES ('CP03ISSM-SBD11', 'CP');
INSERT INTO platforms VALUES ('CP03ISSM-SBD12', 'CP');
INSERT INTO platforms VALUES ('CP03ISSM-RID26', 'CP');
INSERT INTO platforms VALUES ('CP03ISSM-RID27', 'CP');
INSERT INTO platforms VALUES ('CP03ISSM-MFD35', 'CP');
INSERT INTO platforms VALUES ('CP03ISSM-MFD37', 'CP');
INSERT INTO platforms VALUES ('CP03ISSM-MFD00', 'CP');
INSERT INTO platforms VALUES ('CP03ISSP-CP001', 'CP');
INSERT INTO platforms VALUES ('CP03ISSP-PL001', 'CP');
INSERT INTO platforms VALUES ('CP03ISSP-SP001', 'CP');
INSERT INTO platforms VALUES ('CP04OSSM-HM001', 'CP');
INSERT INTO platforms VALUES ('CP04OSSM-SBD11', 'CP');
INSERT INTO platforms VALUES ('CP04OSSM-SBD12', 'CP');
INSERT INTO platforms VALUES ('CP04OSSM-RID26', 'CP');
INSERT INTO platforms VALUES ('CP04OSSM-RID27', 'CP');
INSERT INTO platforms VALUES ('CP04OSSM-MFD35', 'CP');
INSERT INTO platforms VALUES ('CP04OSSM-MFD37', 'CP');
INSERT INTO platforms VALUES ('CP04OSSM-MFD00', 'CP');
INSERT INTO platforms VALUES ('CP04OSPM-PM001', 'CP');
INSERT INTO platforms VALUES ('CP04OSPM-SBS11', 'CP');
INSERT INTO platforms VALUES ('CP04OSPM-WFP01', 'CP');
INSERT INTO platforms VALUES ('CP02PMUI-PM001', 'CP');
INSERT INTO platforms VALUES ('CP02PMUI-SBS01', 'CP');
INSERT INTO platforms VALUES ('CP02PMUI-RII01', 'CP');
INSERT INTO platforms VALUES ('CP02PMUI-WFP01', 'CP');
INSERT INTO platforms VALUES ('CP02PMUO-PM001', 'CP');
INSERT INTO platforms VALUES ('CP02PMUO-SBS01', 'CP');
INSERT INTO platforms VALUES ('CP02PMUO-RII01', 'CP');
INSERT INTO platforms VALUES ('CP02PMUO-WFP01', 'CP');
INSERT INTO platforms VALUES ('CP02PMCI-PM001', 'CP');
INSERT INTO platforms VALUES ('CP02PMCI-SBS01', 'CP');
INSERT INTO platforms VALUES ('CP02PMCI-RII01', 'CP');
INSERT INTO platforms VALUES ('CP02PMCI-WFP01', 'CP');
INSERT INTO platforms VALUES ('CP02PMCO-PM001', 'CP');
INSERT INTO platforms VALUES ('CP02PMCO-SBS01', 'CP');
INSERT INTO platforms VALUES ('CP02PMCO-RII01', 'CP');
INSERT INTO platforms VALUES ('CP02PMCO-WFP01', 'CP');
INSERT INTO platforms VALUES ('CP05MOAS-GL001', 'CP');
INSERT INTO platforms VALUES ('CP05MOAS-GL002', 'CP');
INSERT INTO platforms VALUES ('CP05MOAS-GL003', 'CP');
INSERT INTO platforms VALUES ('CP05MOAS-GL004', 'CP');
INSERT INTO platforms VALUES ('CP05MOAS-GL005', 'CP');
INSERT INTO platforms VALUES ('CP05MOAS-GL006', 'CP');
INSERT INTO platforms VALUES ('CP05MOAS-AV001', 'CP');
INSERT INTO platforms VALUES ('CP05MOAS-AV002', 'CP');
INSERT INTO platforms VALUES ('CE04OSSM-SM001', 'CE');
INSERT INTO platforms VALUES ('CE04OSSM-SBD11', 'CE');
INSERT INTO platforms VALUES ('CE04OSSM-SBD12', 'CE');
INSERT INTO platforms VALUES ('CE04OSSM-RID26', 'CE');
INSERT INTO platforms VALUES ('CE04OSSM-RID27', 'CE');
INSERT INTO platforms VALUES ('CE04OSHY-GP001', 'CE');
INSERT INTO platforms VALUES ('CE04OSHY-PC01B', 'CE');
INSERT INTO platforms VALUES ('CE04OSHY-SF01B', 'CE');
INSERT INTO platforms VALUES ('CE04OSHY-DP01B', 'CE');
INSERT INTO platforms VALUES ('CE04OSBP-BP001', 'CE');
INSERT INTO platforms VALUES ('CE04OSBP-LJ01C', 'CE');
INSERT INTO platforms VALUES ('CE04OSBP-LV01C', 'CE');
INSERT INTO platforms VALUES ('CE02SHSM-SM001', 'CE');
INSERT INTO platforms VALUES ('CE02SHSM-SBD11', 'CE');
INSERT INTO platforms VALUES ('CE02SHSM-SBD12', 'CE');
INSERT INTO platforms VALUES ('CE02SHSM-RID26', 'CE');
INSERT INTO platforms VALUES ('CE02SHSM-RID27', 'CE');
INSERT INTO platforms VALUES ('CE02SHSP-CP001', 'CE');
INSERT INTO platforms VALUES ('CE02SHSP-SP001', 'CE');
INSERT INTO platforms VALUES ('CE02SHBP-BP001', 'CE');
INSERT INTO platforms VALUES ('CE02SHBP-MJ01C', 'CE');
INSERT INTO platforms VALUES ('CE02SHBP-LJ01D', 'CE');
INSERT INTO platforms VALUES ('CE01ISSM-LM001', 'CE');
INSERT INTO platforms VALUES ('CE01ISSM-SBD17', 'CE');
INSERT INTO platforms VALUES ('CE01ISSM-RID16', 'CE');
INSERT INTO platforms VALUES ('CE01ISSM-MFD35', 'CE');
INSERT INTO platforms VALUES ('CE01ISSM-MFD37', 'CE');
INSERT INTO platforms VALUES ('CE01ISSM-MFD00', 'CE');
INSERT INTO platforms VALUES ('CE01ISSP-CP001', 'CE');
INSERT INTO platforms VALUES ('CE01ISSP-PL001', 'CE');
INSERT INTO platforms VALUES ('CE01ISSP-SP001', 'CE');
INSERT INTO platforms VALUES ('CE09OSSM-HM001', 'CE');
INSERT INTO platforms VALUES ('CE09OSSM-SBD11', 'CE');
INSERT INTO platforms VALUES ('CE09OSSM-SBD12', 'CE');
INSERT INTO platforms VALUES ('CE09OSSM-RID26', 'CE');
INSERT INTO platforms VALUES ('CE09OSSM-RID27', 'CE');
INSERT INTO platforms VALUES ('CE09OSSM-MFD35', 'CE');
INSERT INTO platforms VALUES ('CE09OSSM-MFD37', 'CE');
INSERT INTO platforms VALUES ('CE090SSM-MFD00', 'CE');
INSERT INTO platforms VALUES ('CE09OSSM-MFD00', 'CE');
INSERT INTO platforms VALUES ('CE09OSPM-PM001', 'CE');
INSERT INTO platforms VALUES ('CE09OSPM-WF001', 'CE');
INSERT INTO platforms VALUES ('CE07SHSM-HM001', 'CE');
INSERT INTO platforms VALUES ('CE07SHSM-SBD11', 'CE');
INSERT INTO platforms VALUES ('CE07SHSM-SBD12', 'CE');
INSERT INTO platforms VALUES ('CE07SHSM-RID26', 'CE');
INSERT INTO platforms VALUES ('CE07SHSM-RID27', 'CE');
INSERT INTO platforms VALUES ('CE07SHSM-MFD35', 'CE');
INSERT INTO platforms VALUES ('CE07SHSM-MFD37', 'CE');
INSERT INTO platforms VALUES ('CE07SHSM-MFD00', 'CE');
INSERT INTO platforms VALUES ('CE07SHSP-CP001', 'CE');
INSERT INTO platforms VALUES ('CE07SHSP-PL001', 'CE');
INSERT INTO platforms VALUES ('CE07SHSP-SP001', 'CE');
INSERT INTO platforms VALUES ('CE06ISSM-LM001', 'CE');
INSERT INTO platforms VALUES ('CE06ISSM-SBD17', 'CE');
INSERT INTO platforms VALUES ('CE06ISSM-RID16', 'CE');
INSERT INTO platforms VALUES ('CE06ISSM-MFD35', 'CE');
INSERT INTO platforms VALUES ('CE06ISSM-MFD37', 'CE');
INSERT INTO platforms VALUES ('CE06ISSM-MFD00', 'CE');
INSERT INTO platforms VALUES ('CE06ISSP-CP001', 'CE');
INSERT INTO platforms VALUES ('CE06ISSP-PL001', 'CE');
INSERT INTO platforms VALUES ('CE06ISSP-SP001', 'CE');
INSERT INTO platforms VALUES ('CE05MOAS-GL001', 'CE');
INSERT INTO platforms VALUES ('CE05MOAS-GL002', 'CE');
INSERT INTO platforms VALUES ('CE05MOAS-GL003', 'CE');
INSERT INTO platforms VALUES ('CE05MOAS-GL004', 'CE');
INSERT INTO platforms VALUES ('CE05MOAS-GL005', 'CE');
INSERT INTO platforms VALUES ('CE05MOAS-GL006', 'CE');

/* Instrument List */
INSERT INTO instruments VALUES ('GS01SUMO-SBD11-01-MOPAK0000', 'GS01SUMO-SBD11');
INSERT INTO instruments VALUES ('GS01SUMO-SBD11-06-METBKA000', 'GS01SUMO-SBD11');
INSERT INTO instruments VALUES ('GS01SUMO-SBD11-04-DOSTAD000', 'GS01SUMO-SBD11');
INSERT INTO instruments VALUES ('GS01SUMO-SBD11-05-SPKIRB000', 'GS01SUMO-SBD11');
INSERT INTO instruments VALUES ('GS01SUMO-SBD11-08-NUTNRB000', 'GS01SUMO-SBD11');
INSERT INTO instruments VALUES ('GS01SUMO-SBD12-06-METBKA000', 'GS01SUMO-SBD12');
INSERT INTO instruments VALUES ('GS01SUMO-SBD12-04-PCO2AA000', 'GS01SUMO-SBD12');
INSERT INTO instruments VALUES ('GS01SUMO-SBD12-05-WAVSSA000', 'GS01SUMO-SBD12');
INSERT INTO instruments VALUES ('GS01SUMO-SBD12-08-FDCHPA000', 'GS01SUMO-SBD12');
INSERT INTO instruments VALUES ('GS01SUMO-SBD12-01-OPTAAD000', 'GS01SUMO-SBD12');
INSERT INTO instruments VALUES ('GS01SUMO-SBD12-02-FLORTD000', 'GS01SUMO-SBD12');
INSERT INTO instruments VALUES ('GS01SUMO-RID16-00-ACOMM0000', 'GS01SUMO-RID16');
INSERT INTO instruments VALUES ('GS01SUMO-RID16-03-CTDBPF000', 'GS01SUMO-RID16');
INSERT INTO instruments VALUES ('GS01SUMO-RID16-02-FLORTD000', 'GS01SUMO-RID16');
INSERT INTO instruments VALUES ('GS01SUMO-RID16-04-VELPTA000', 'GS01SUMO-RID16');
INSERT INTO instruments VALUES ('GS01SUMO-RID16-01-OPTAAD000', 'GS01SUMO-RID16');
INSERT INTO instruments VALUES ('GS01SUMO-RID16-03-DOSTAD000', 'GS01SUMO-RID16');
INSERT INTO instruments VALUES ('GS01SUMO-RID16-05-PCO2WB000', 'GS01SUMO-RID16');
INSERT INTO instruments VALUES ('GS01SUMO-RID16-07-NUTNRB000', 'GS01SUMO-RID16');
INSERT INTO instruments VALUES ('GS01SUMO-RID16-08-SPKIRB000', 'GS01SUMO-RID16');
INSERT INTO instruments VALUES ('GS01SUMO-RII11-02-CTDMOQ001', 'GS01SUMO-RII11');
INSERT INTO instruments VALUES ('GS01SUMO-RII11-02-PHSENE002', 'GS01SUMO-RII11');
INSERT INTO instruments VALUES ('GS01SUMO-RII11-02-CTDBPP003', 'GS01SUMO-RII11');
INSERT INTO instruments VALUES ('GS01SUMO-RII11-02-DOSTAD102', 'GS01SUMO-RII11');
INSERT INTO instruments VALUES ('GS01SUMO-RII11-02-FLORDG103', 'GS01SUMO-RII11');
INSERT INTO instruments VALUES ('GS01SUMO-RII11-02-PCO2WC104', 'GS01SUMO-RII11');
INSERT INTO instruments VALUES ('GS01SUMO-RII11-02-CTDMOQ004', 'GS01SUMO-RII11');
INSERT INTO instruments VALUES ('GS01SUMO-RII11-02-CTDBPP201', 'GS01SUMO-RII11');
INSERT INTO instruments VALUES ('GS01SUMO-RII11-02-DOSTAD202', 'GS01SUMO-RII11');
INSERT INTO instruments VALUES ('GS01SUMO-RII11-02-FLORDG203', 'GS01SUMO-RII11');
INSERT INTO instruments VALUES ('GS01SUMO-RII11-02-PCO2WC204', 'GS01SUMO-RII11');
INSERT INTO instruments VALUES ('GS01SUMO-RII11-02-CTDMOQ005', 'GS01SUMO-RII11');
INSERT INTO instruments VALUES ('GS01SUMO-RII11-02-PHSENE006', 'GS01SUMO-RII11');
INSERT INTO instruments VALUES ('GS01SUMO-RII11-02-CTDBPP007', 'GS01SUMO-RII11');
INSERT INTO instruments VALUES ('GS01SUMO-RII11-02-DOSTAD302', 'GS01SUMO-RII11');
INSERT INTO instruments VALUES ('GS01SUMO-RII11-02-FLORDG303', 'GS01SUMO-RII11');
INSERT INTO instruments VALUES ('GS01SUMO-RII11-02-PCO2WC304', 'GS01SUMO-RII11');
INSERT INTO instruments VALUES ('GS01SUMO-RII11-02-CTDMOQ008', 'GS01SUMO-RII11');
INSERT INTO instruments VALUES ('GS01SUMO-RII11-02-CTDMOQ009', 'GS01SUMO-RII11');
INSERT INTO instruments VALUES ('GS01SUMO-RII11-02-CTDMOQ010', 'GS01SUMO-RII11');
INSERT INTO instruments VALUES ('GS01SUMO-RII11-02-ADCPSN011', 'GS01SUMO-RII11');
INSERT INTO instruments VALUES ('GS01SUMO-RII11-02-CTDMOQ012', 'GS01SUMO-RII11');
INSERT INTO instruments VALUES ('GS01SUMO-RII11-02-CTDMOR013', 'GS01SUMO-RII11');
INSERT INTO instruments VALUES ('GS01SUMO-RII11-02-CTDMOR014', 'GS01SUMO-RII11');
INSERT INTO instruments VALUES ('GS01SUMO-RII11-02-CTDMOR015', 'GS01SUMO-RII11');
INSERT INTO instruments VALUES ('GS02HYPM-WFP02-01-FLORDL000', 'GS02HYPM-WFP02');
INSERT INTO instruments VALUES ('GS02HYPM-WFP02-03-DOSTAL000', 'GS02HYPM-WFP02');
INSERT INTO instruments VALUES ('GS02HYPM-WFP02-04-CTDPFL000', 'GS02HYPM-WFP02');
INSERT INTO instruments VALUES ('GS02HYPM-WFP02-05-VEL3DL000', 'GS02HYPM-WFP02');
INSERT INTO instruments VALUES ('GS02HYPM-WFP03-01-FLORDL000', 'GS02HYPM-WFP03');
INSERT INTO instruments VALUES ('GS02HYPM-WFP03-03-DOSTAL000', 'GS02HYPM-WFP03');
INSERT INTO instruments VALUES ('GS02HYPM-WFP03-04-CTDPFL000', 'GS02HYPM-WFP03');
INSERT INTO instruments VALUES ('GS02HYPM-WFP03-05-VEL3DL000', 'GS02HYPM-WFP03');
INSERT INTO instruments VALUES ('GS02HYPM-MPC04-01-ZPLSGA000', 'GS02HYPM-MPC04');
INSERT INTO instruments VALUES ('GS02HYPM-RIS01-01-CTDMOG000', 'GS02HYPM-RIS01');
INSERT INTO instruments VALUES ('GS03FLMA-RIS01-01-FLORTD   ', 'GS03FLMA-RIS01');
INSERT INTO instruments VALUES ('GS03FLMA-RIS01-02-PHSENE   ', 'GS03FLMA-RIS01');
INSERT INTO instruments VALUES ('GS03FLMA-RIS01-03-DOSTAD   ', 'GS03FLMA-RIS01');
INSERT INTO instruments VALUES ('GS03FLMA-RIS02-01-ADCPSL   ', 'GS03FLMA-RIS02');
INSERT INTO instruments VALUES ('GS03FLMA-RIS02-02-ACOMM0   ', 'GS03FLMA-RIS02');
INSERT INTO instruments VALUES ('GS03FLMA-RIS02-03-CTDMOG   ', 'GS03FLMA-RIS02');
INSERT INTO instruments VALUES ('GS03FLMA-RIS02-04-CTDMOG   ', 'GS03FLMA-RIS02');
INSERT INTO instruments VALUES ('GS03FLMA-RIS02-05-CTDMOG   ', 'GS03FLMA-RIS02');
INSERT INTO instruments VALUES ('GS03FLMA-RIS02-06-CTDMOG   ', 'GS03FLMA-RIS02');
INSERT INTO instruments VALUES ('GS03FLMA-RIS02-07-CTDMOG   ', 'GS03FLMA-RIS02');
INSERT INTO instruments VALUES ('GS03FLMA-RIS02-08-CTDMOG   ', 'GS03FLMA-RIS02');
INSERT INTO instruments VALUES ('GS03FLMA-RIS02-09-CTDMOG   ', 'GS03FLMA-RIS02');
INSERT INTO instruments VALUES ('GS03FLMA-RIS02-10-CTDMOG   ', 'GS03FLMA-RIS02');
INSERT INTO instruments VALUES ('GS03FLMA-RIS02-11-CTDMOG   ', 'GS03FLMA-RIS02');
INSERT INTO instruments VALUES ('GS03FLMA-RIS02-12-CTDMOH   ', 'GS03FLMA-RIS02');
INSERT INTO instruments VALUES ('GS03FLMA-RIS02-13-CTDMOH   ', 'GS03FLMA-RIS02');
INSERT INTO instruments VALUES ('GS03FLMA-RIS02-14-CTDMOH   ', 'GS03FLMA-RIS02');
INSERT INTO instruments VALUES ('GS03FLMB-RIS01-01-FLORTD   ', 'GS03FLMB-RIS01');
INSERT INTO instruments VALUES ('GS03FLMB-RIS01-02-PHSENE   ', 'GS03FLMB-RIS01');
INSERT INTO instruments VALUES ('GS03FLMB-RIS01-03-DOSTAD   ', 'GS03FLMB-RIS01');
INSERT INTO instruments VALUES ('GS03FLMB-RIS02-01-ADCPSL   ', 'GS03FLMB-RIS02');
INSERT INTO instruments VALUES ('GS03FLMB-RIS02-02-ACOMM0   ', 'GS03FLMB-RIS02');
INSERT INTO instruments VALUES ('GS03FLMB-RIS02-03-CTDMOG   ', 'GS03FLMB-RIS02');
INSERT INTO instruments VALUES ('GS03FLMB-RIS02-04-CTDMOG   ', 'GS03FLMB-RIS02');
INSERT INTO instruments VALUES ('GS03FLMB-RIS02-05-CTDMOG   ', 'GS03FLMB-RIS02');
INSERT INTO instruments VALUES ('GS03FLMB-RIS02-06-CTDMOG   ', 'GS03FLMB-RIS02');
INSERT INTO instruments VALUES ('GS03FLMB-RIS02-07-CTDMOG   ', 'GS03FLMB-RIS02');
INSERT INTO instruments VALUES ('GS03FLMB-RIS02-08-CTDMOG   ', 'GS03FLMB-RIS02');
INSERT INTO instruments VALUES ('GS03FLMB-RIS02-09-CTDMOG   ', 'GS03FLMB-RIS02');
INSERT INTO instruments VALUES ('GS03FLMB-RIS02-10-CTDMOG   ', 'GS03FLMB-RIS02');
INSERT INTO instruments VALUES ('GS03FLMB-RIS02-11-CTDMOG   ', 'GS03FLMB-RIS02');
INSERT INTO instruments VALUES ('GS03FLMB-RIS02-12-CTDMOH   ', 'GS03FLMB-RIS02');
INSERT INTO instruments VALUES ('GS03FLMB-RIS02-13-CTDMOH   ', 'GS03FLMB-RIS02');
INSERT INTO instruments VALUES ('GS03FLMB-RIS02-14-CTDMOH   ', 'GS03FLMB-RIS02');
INSERT INTO instruments VALUES ('GS05MOAS-GL001-01-FLORDM000', 'GS05MOAS-GL001');
INSERT INTO instruments VALUES ('GS05MOAS-GL001-02-DOSTAM000', 'GS05MOAS-GL001');
INSERT INTO instruments VALUES ('GS05MOAS-GL001-03-ACOMMM000', 'GS05MOAS-GL001');
INSERT INTO instruments VALUES ('GS05MOAS-GL001-04-CTDGVM000', 'GS05MOAS-GL001');
INSERT INTO instruments VALUES ('GS05MOAS-GL002-01-FLORDM000', 'GS05MOAS-GL002');
INSERT INTO instruments VALUES ('GS05MOAS-GL002-02-DOSTAM000', 'GS05MOAS-GL002');
INSERT INTO instruments VALUES ('GS05MOAS-GL002-03-ACOMMM000', 'GS05MOAS-GL002');
INSERT INTO instruments VALUES ('GS05MOAS-GL002-04-CTDGVM000', 'GS05MOAS-GL002');
INSERT INTO instruments VALUES ('GS05MOAS-GL003-01-FLORDM000', 'GS05MOAS-GL003');
INSERT INTO instruments VALUES ('GS05MOAS-GL003-02-DOSTAM000', 'GS05MOAS-GL003');
INSERT INTO instruments VALUES ('GS05MOAS-GL003-03-ACOMMM000', 'GS05MOAS-GL003');
INSERT INTO instruments VALUES ('GS05MOAS-GL003-04-CTDGVM000', 'GS05MOAS-GL003');
INSERT INTO instruments VALUES ('GS05MOAS-PG001-01-CTDGVM000', 'GS05MOAS-PG001');
INSERT INTO instruments VALUES ('GS05MOAS-PG001-02-DOSTAM000', 'GS05MOAS-PG001');
INSERT INTO instruments VALUES ('GS05MOAS-PG001-03-NUTNRM000', 'GS05MOAS-PG001');
INSERT INTO instruments VALUES ('GS05MOAS-PG002-01-CTDGVM000', 'GS05MOAS-PG002');
INSERT INTO instruments VALUES ('GS05MOAS-PG002-02-FLORDM000', 'GS05MOAS-PG002');
INSERT INTO instruments VALUES ('GS05MOAS-PG002-03-OPTAAM000', 'GS05MOAS-PG002');
INSERT INTO instruments VALUES ('GS05MOAS-PG002-04-PARADM000', 'GS05MOAS-PG002');
INSERT INTO instruments VALUES ('GA01SUMO-SBD11-01-MOPAK0000', 'GA01SUMO-SBD11');
INSERT INTO instruments VALUES ('GA01SUMO-SBD11-06-METBKA000', 'GA01SUMO-SBD11');
INSERT INTO instruments VALUES ('GA01SUMO-SBD11-04-DOSTAD000', 'GA01SUMO-SBD11');
INSERT INTO instruments VALUES ('GA01SUMO-SBD11-05-SPKIRB000', 'GA01SUMO-SBD11');
INSERT INTO instruments VALUES ('GA01SUMO-SBD11-08-NUTNRB000', 'GA01SUMO-SBD11');
INSERT INTO instruments VALUES ('GA01SUMO-SBD12-06-METBKA000', 'GA01SUMO-SBD12');
INSERT INTO instruments VALUES ('GA01SUMO-SBD12-04-PCO2AA000', 'GA01SUMO-SBD12');
INSERT INTO instruments VALUES ('GA01SUMO-SBD12-05-WAVSSA000', 'GA01SUMO-SBD12');
INSERT INTO instruments VALUES ('GA01SUMO-SBD12-01-OPTAAD000', 'GA01SUMO-SBD12');
INSERT INTO instruments VALUES ('GA01SUMO-SBD12-02-FLORTD000', 'GA01SUMO-SBD12');
INSERT INTO instruments VALUES ('GA01SUMO-RID16-00-ACOMM0000', 'GA01SUMO-RID16');
INSERT INTO instruments VALUES ('GA01SUMO-RID16-03-CTDBPF000', 'GA01SUMO-RID16');
INSERT INTO instruments VALUES ('GA01SUMO-RID16-02-FLORTD000', 'GA01SUMO-RID16');
INSERT INTO instruments VALUES ('GA01SUMO-RID16-04-VELPTA000', 'GA01SUMO-RID16');
INSERT INTO instruments VALUES ('GA01SUMO-RID16-01-OPTAAD000', 'GA01SUMO-RID16');
INSERT INTO instruments VALUES ('GA01SUMO-RID16-03-DOSTAD000', 'GA01SUMO-RID16');
INSERT INTO instruments VALUES ('GA01SUMO-RID16-05-PCO2WB000', 'GA01SUMO-RID16');
INSERT INTO instruments VALUES ('GA01SUMO-RID16-07-NUTNRB000', 'GA01SUMO-RID16');
INSERT INTO instruments VALUES ('GA01SUMO-RID16-08-SPKIRB000', 'GA01SUMO-RID16');
INSERT INTO instruments VALUES ('GA01SUMO-RII11-02-CTDMOQ001', 'GA01SUMO-RII11');
INSERT INTO instruments VALUES ('GA01SUMO-RII11-02-PHSENE002', 'GA01SUMO-RII11');
INSERT INTO instruments VALUES ('GA01SUMO-RII11-02-CTDBPP003', 'GA01SUMO-RII11');
INSERT INTO instruments VALUES ('GA01SUMO-RII11-02-DOSTAD102', 'GA01SUMO-RII11');
INSERT INTO instruments VALUES ('GA01SUMO-RII11-02-FLORDG103', 'GA01SUMO-RII11');
INSERT INTO instruments VALUES ('GA01SUMO-RII11-02-PCO2WC104', 'GA01SUMO-RII11');
INSERT INTO instruments VALUES ('GA01SUMO-RII11-02-CTDMOQ004', 'GA01SUMO-RII11');
INSERT INTO instruments VALUES ('GA01SUMO-RII11-02-CTDBPP201', 'GA01SUMO-RII11');
INSERT INTO instruments VALUES ('GA01SUMO-RII11-02-DOSTAD202', 'GA01SUMO-RII11');
INSERT INTO instruments VALUES ('GA01SUMO-RII11-02-FLORDG203', 'GA01SUMO-RII11');
INSERT INTO instruments VALUES ('GA01SUMO-RII11-02-PCO2WC204', 'GA01SUMO-RII11');
INSERT INTO instruments VALUES ('GA01SUMO-RII11-02-CTDMOQ005', 'GA01SUMO-RII11');
INSERT INTO instruments VALUES ('GA01SUMO-RII11-02-PHSENE006', 'GA01SUMO-RII11');
INSERT INTO instruments VALUES ('GA01SUMO-RII11-02-CTDBPP007', 'GA01SUMO-RII11');
INSERT INTO instruments VALUES ('GA01SUMO-RII11-02-DOSTAD302', 'GA01SUMO-RII11');
INSERT INTO instruments VALUES ('GA01SUMO-RII11-02-FLORDG303', 'GA01SUMO-RII11');
INSERT INTO instruments VALUES ('GA01SUMO-RII11-02-PCO2WC304', 'GA01SUMO-RII11');
INSERT INTO instruments VALUES ('GA01SUMO-RII11-02-CTDMOQ008', 'GA01SUMO-RII11');
INSERT INTO instruments VALUES ('GA01SUMO-RII11-02-CTDMOQ009', 'GA01SUMO-RII11');
INSERT INTO instruments VALUES ('GA01SUMO-RII11-02-CTDMOQ010', 'GA01SUMO-RII11');
INSERT INTO instruments VALUES ('GA01SUMO-RII11-02-ADCPSN011', 'GA01SUMO-RII11');
INSERT INTO instruments VALUES ('GA01SUMO-RII11-02-CTDMOQ012', 'GA01SUMO-RII11');
INSERT INTO instruments VALUES ('GA01SUMO-RII11-02-CTDMOR013', 'GA01SUMO-RII11');
INSERT INTO instruments VALUES ('GA01SUMO-RII11-02-CTDMOR014', 'GA01SUMO-RII11');
INSERT INTO instruments VALUES ('GA01SUMO-RII11-02-CTDMOR015', 'GA01SUMO-RII11');
INSERT INTO instruments VALUES ('GA02HYPM-WFP02-01-FLORDL000', 'GA02HYPM-WFP02');
INSERT INTO instruments VALUES ('GA02HYPM-WFP02-03-DOSTAL000', 'GA02HYPM-WFP02');
INSERT INTO instruments VALUES ('GA02HYPM-WFP02-04-CTDPFL000', 'GA02HYPM-WFP02');
INSERT INTO instruments VALUES ('GA02HYPM-WFP02-05-VEL3DL000', 'GA02HYPM-WFP02');
INSERT INTO instruments VALUES ('GA02HYPM-WFP03-01-FLORDL000', 'GA02HYPM-WFP03');
INSERT INTO instruments VALUES ('GA02HYPM-WFP03-03-DOSTAL000', 'GA02HYPM-WFP03');
INSERT INTO instruments VALUES ('GA02HYPM-WFP03-04-CTDPFL000', 'GA02HYPM-WFP03');
INSERT INTO instruments VALUES ('GA02HYPM-WFP03-05-VEL3DL000', 'GA02HYPM-WFP03');
INSERT INTO instruments VALUES ('GA02HYPM-MPC04-01-ZPLSGA000', 'GA02HYPM-MPC04');
INSERT INTO instruments VALUES ('GA02HYPM-RIS01-01-CTDMOG000', 'GA02HYPM-RIS01');
INSERT INTO instruments VALUES ('GA03FLMA-RIS01-01-FLORTD   ', 'GA03FLMA-RIS01');
INSERT INTO instruments VALUES ('GA03FLMA-RIS01-02-PHSENE   ', 'GA03FLMA-RIS01');
INSERT INTO instruments VALUES ('GA03FLMA-RIS01-03-DOSTAD   ', 'GA03FLMA-RIS01');
INSERT INTO instruments VALUES ('GA03FLMA-RIS02-01-ADCPSL   ', 'GA03FLMA-RIS02');
INSERT INTO instruments VALUES ('GA03FLMA-RIS02-02-ACOMM0   ', 'GA03FLMA-RIS02');
INSERT INTO instruments VALUES ('GA03FLMA-RIS02-03-CTDMOG   ', 'GA03FLMA-RIS02');
INSERT INTO instruments VALUES ('GA03FLMA-RIS02-04-CTDMOG   ', 'GA03FLMA-RIS02');
INSERT INTO instruments VALUES ('GA03FLMA-RIS02-05-CTDMOG   ', 'GA03FLMA-RIS02');
INSERT INTO instruments VALUES ('GA03FLMA-RIS02-06-CTDMOG   ', 'GA03FLMA-RIS02');
INSERT INTO instruments VALUES ('GA03FLMA-RIS02-07-CTDMOG   ', 'GA03FLMA-RIS02');
INSERT INTO instruments VALUES ('GA03FLMA-RIS02-08-CTDMOG   ', 'GA03FLMA-RIS02');
INSERT INTO instruments VALUES ('GA03FLMA-RIS02-09-CTDMOG   ', 'GA03FLMA-RIS02');
INSERT INTO instruments VALUES ('GA03FLMA-RIS02-10-CTDMOG   ', 'GA03FLMA-RIS02');
INSERT INTO instruments VALUES ('GA03FLMA-RIS02-11-CTDMOG   ', 'GA03FLMA-RIS02');
INSERT INTO instruments VALUES ('GA03FLMA-RIS02-12-CTDMOH   ', 'GA03FLMA-RIS02');
INSERT INTO instruments VALUES ('GA03FLMA-RIS02-13-CTDMOH   ', 'GA03FLMA-RIS02');
INSERT INTO instruments VALUES ('GA03FLMA-RIS02-14-CTDMOH   ', 'GA03FLMA-RIS02');
INSERT INTO instruments VALUES ('GA03FLMB-RIS01-01-FLORTD   ', 'GA03FLMB-RIS01');
INSERT INTO instruments VALUES ('GA03FLMB-RIS01-02-PHSENE   ', 'GA03FLMB-RIS01');
INSERT INTO instruments VALUES ('GA03FLMB-RIS01-03-DOSTAD   ', 'GA03FLMB-RIS01');
INSERT INTO instruments VALUES ('GA03FLMB-RIS02-01-ADCPSL   ', 'GA03FLMB-RIS02');
INSERT INTO instruments VALUES ('GA03FLMB-RIS02-02-ACOMM0   ', 'GA03FLMB-RIS02');
INSERT INTO instruments VALUES ('GA03FLMB-RIS02-03-CTDMOG   ', 'GA03FLMB-RIS02');
INSERT INTO instruments VALUES ('GA03FLMB-RIS02-04-CTDMOG   ', 'GA03FLMB-RIS02');
INSERT INTO instruments VALUES ('GA03FLMB-RIS02-05-CTDMOG   ', 'GA03FLMB-RIS02');
INSERT INTO instruments VALUES ('GA03FLMB-RIS02-06-CTDMOG   ', 'GA03FLMB-RIS02');
INSERT INTO instruments VALUES ('GA03FLMB-RIS02-07-CTDMOG   ', 'GA03FLMB-RIS02');
INSERT INTO instruments VALUES ('GA03FLMB-RIS02-08-CTDMOG   ', 'GA03FLMB-RIS02');
INSERT INTO instruments VALUES ('GA03FLMB-RIS02-09-CTDMOG   ', 'GA03FLMB-RIS02');
INSERT INTO instruments VALUES ('GA03FLMB-RIS02-10-CTDMOG   ', 'GA03FLMB-RIS02');
INSERT INTO instruments VALUES ('GA03FLMB-RIS02-11-CTDMOG   ', 'GA03FLMB-RIS02');
INSERT INTO instruments VALUES ('GA03FLMB-RIS02-12-CTDMOH   ', 'GA03FLMB-RIS02');
INSERT INTO instruments VALUES ('GA03FLMB-RIS02-13-CTDMOH   ', 'GA03FLMB-RIS02');
INSERT INTO instruments VALUES ('GA03FLMB-RIS02-14-CTDMOH   ', 'GA03FLMB-RIS02');
INSERT INTO instruments VALUES ('GA05MOAS-GL001-01-FLORDM000', 'GA05MOAS-GL001');
INSERT INTO instruments VALUES ('GA05MOAS-GL001-02-DOSTAM000', 'GA05MOAS-GL001');
INSERT INTO instruments VALUES ('GA05MOAS-GL001-03-ACOMMM000', 'GA05MOAS-GL001');
INSERT INTO instruments VALUES ('GA05MOAS-GL001-04-CTDGVM000', 'GA05MOAS-GL001');
INSERT INTO instruments VALUES ('GA05MOAS-GL002-01-FLORDM000', 'GA05MOAS-GL002');
INSERT INTO instruments VALUES ('GA05MOAS-GL002-02-DOSTAM000', 'GA05MOAS-GL002');
INSERT INTO instruments VALUES ('GA05MOAS-GL002-03-ACOMMM000', 'GA05MOAS-GL002');
INSERT INTO instruments VALUES ('GA05MOAS-GL002-04-CTDGVM000', 'GA05MOAS-GL002');
INSERT INTO instruments VALUES ('GA05MOAS-GL003-01-FLORDM000', 'GA05MOAS-GL003');
INSERT INTO instruments VALUES ('GA05MOAS-GL003-02-DOSTAM000', 'GA05MOAS-GL003');
INSERT INTO instruments VALUES ('GA05MOAS-GL003-03-ACOMMM000', 'GA05MOAS-GL003');
INSERT INTO instruments VALUES ('GA05MOAS-GL003-04-CTDGVM000', 'GA05MOAS-GL003');
INSERT INTO instruments VALUES ('GA05MOAS-PG001-01-CTDGVM000', 'GA05MOAS-PG001');
INSERT INTO instruments VALUES ('GA05MOAS-PG001-02-DOSTAM000', 'GA05MOAS-PG001');
INSERT INTO instruments VALUES ('GA05MOAS-PG001-03-NUTNRM000', 'GA05MOAS-PG001');
INSERT INTO instruments VALUES ('GA05MOAS-PG002-01-CTDGVM000', 'GA05MOAS-PG002');
INSERT INTO instruments VALUES ('GA05MOAS-PG002-02-FLORDM000', 'GA05MOAS-PG002');
INSERT INTO instruments VALUES ('GA05MOAS-PG002-03-OPTAAM000', 'GA05MOAS-PG002');
INSERT INTO instruments VALUES ('GA05MOAS-PG002-04-PARADM000', 'GA05MOAS-PG002');
INSERT INTO instruments VALUES ('GI01SUMO-SBD11-01-MOPAK0000', 'GI01SUMO-SBD11');
INSERT INTO instruments VALUES ('GI01SUMO-SBD11-06-METBKA000', 'GI01SUMO-SBD11');
INSERT INTO instruments VALUES ('GI01SUMO-SBD11-04-DOSTAD000', 'GI01SUMO-SBD11');
INSERT INTO instruments VALUES ('GI01SUMO-SBD11-05-SPKIRB000', 'GI01SUMO-SBD11');
INSERT INTO instruments VALUES ('GI01SUMO-SBD11-08-NUTNRB000', 'GI01SUMO-SBD11');
INSERT INTO instruments VALUES ('GI01SUMO-SBD12-06-METBKA000', 'GI01SUMO-SBD12');
INSERT INTO instruments VALUES ('GI01SUMO-SBD12-04-PCO2AA000', 'GI01SUMO-SBD12');
INSERT INTO instruments VALUES ('GI01SUMO-SBD12-05-WAVSSA000', 'GI01SUMO-SBD12');
INSERT INTO instruments VALUES ('GI01SUMO-SBD12-08-FDCHPA000', 'GI01SUMO-SBD12');
INSERT INTO instruments VALUES ('GI01SUMO-SBD12-01-OPTAAD000', 'GI01SUMO-SBD12');
INSERT INTO instruments VALUES ('GI01SUMO-SBD12-02-FLORTD000', 'GI01SUMO-SBD12');
INSERT INTO instruments VALUES ('GI01SUMO-SBD12-00-ACOMM0000', 'GI01SUMO-SBD12');
INSERT INTO instruments VALUES ('GI01SUMO-SBD12-03-CTDBPF000', 'GI01SUMO-SBD12');
INSERT INTO instruments VALUES ('GI01SUMO-SBD12-04-VELPTA000', 'GI01SUMO-SBD12');
INSERT INTO instruments VALUES ('GI01SUMO-SBD12-03-DOSTAD000', 'GI01SUMO-SBD12');
INSERT INTO instruments VALUES ('GI01SUMO-SBD12-05-PCO2WB000', 'GI01SUMO-SBD12');
INSERT INTO instruments VALUES ('GI01SUMO-SBD12-07-NUTNRB000', 'GI01SUMO-SBD12');
INSERT INTO instruments VALUES ('GI01SUMO-SBD12-08-SPKIRB000', 'GI01SUMO-SBD12');
INSERT INTO instruments VALUES ('GI01SUMO-RII11-02-CTDMOQ001', 'GI01SUMO-RII11');
INSERT INTO instruments VALUES ('GI01SUMO-RII11-02-PHSENE002', 'GI01SUMO-RII11');
INSERT INTO instruments VALUES ('GI01SUMO-RII11-02-CTDBPP003', 'GI01SUMO-RII11');
INSERT INTO instruments VALUES ('GI01SUMO-RII11-02-DOSTAD102', 'GI01SUMO-RII11');
INSERT INTO instruments VALUES ('GI01SUMO-RII11-02-FLORDG103', 'GI01SUMO-RII11');
INSERT INTO instruments VALUES ('GI01SUMO-RII11-02-PCO2WC104', 'GI01SUMO-RII11');
INSERT INTO instruments VALUES ('GI01SUMO-RII11-02-CTDMOQ004', 'GI01SUMO-RII11');
INSERT INTO instruments VALUES ('GI01SUMO-RII11-02-CTDBPP201', 'GI01SUMO-RII11');
INSERT INTO instruments VALUES ('GI01SUMO-RII11-02-DOSTAD202', 'GI01SUMO-RII11');
INSERT INTO instruments VALUES ('GI01SUMO-RII11-02-FLORDG203', 'GI01SUMO-RII11');
INSERT INTO instruments VALUES ('GI01SUMO-RII11-02-PCO2WC204', 'GI01SUMO-RII11');
INSERT INTO instruments VALUES ('GI01SUMO-RII11-02-CTDMOQ005', 'GI01SUMO-RII11');
INSERT INTO instruments VALUES ('GI01SUMO-RII11-02-PHSENE006', 'GI01SUMO-RII11');
INSERT INTO instruments VALUES ('GI01SUMO-RII11-02-CTDBPP007', 'GI01SUMO-RII11');
INSERT INTO instruments VALUES ('GI01SUMO-RII11-02-DOSTAD302', 'GI01SUMO-RII11');
INSERT INTO instruments VALUES ('GI01SUMO-RII11-02-FLORDG303', 'GI01SUMO-RII11');
INSERT INTO instruments VALUES ('GI01SUMO-RII11-02-PCO2WC304', 'GI01SUMO-RII11');
INSERT INTO instruments VALUES ('GI01SUMO-RII11-02-CTDMOQ008', 'GI01SUMO-RII11');
INSERT INTO instruments VALUES ('GI01SUMO-RII11-02-CTDMOQ009', 'GI01SUMO-RII11');
INSERT INTO instruments VALUES ('GI01SUMO-RII11-02-CTDMOQ010', 'GI01SUMO-RII11');
INSERT INTO instruments VALUES ('GI01SUMO-RII11-02-ADCPSN011', 'GI01SUMO-RII11');
INSERT INTO instruments VALUES ('GI01SUMO-RII11-02-CTDMOQ012', 'GI01SUMO-RII11');
INSERT INTO instruments VALUES ('GI01SUMO-RII11-02-CTDMOR013', 'GI01SUMO-RII11');
INSERT INTO instruments VALUES ('GI01SUMO-RII11-02-CTDMOR014', 'GI01SUMO-RII11');
INSERT INTO instruments VALUES ('GI01SUMO-RII11-02-CTDMOR015', 'GI01SUMO-RII11');
INSERT INTO instruments VALUES ('GI02HYPM-WFP02-01-FLORDL000', 'GI02HYPM-WFP02');
INSERT INTO instruments VALUES ('GI02HYPM-WFP02-03-DOSTAL000', 'GI02HYPM-WFP02');
INSERT INTO instruments VALUES ('GI02HYPM-WFP02-04-CTDPFL000', 'GI02HYPM-WFP02');
INSERT INTO instruments VALUES ('GI02HYPM-WFP02-05-VEL3DL000', 'GI02HYPM-WFP02');
INSERT INTO instruments VALUES ('GI02HYPM-MPC04-01-ZPLSGA000', 'GI02HYPM-MPC04');
INSERT INTO instruments VALUES ('GI02HYPM-RIS01-01-CTDMOG000', 'GI02HYPM-RIS01');
INSERT INTO instruments VALUES ('GI03FLMA-RIS01-01-FLORTD   ', 'GI03FLMA-RIS01');
INSERT INTO instruments VALUES ('GI03FLMA-RIS01-02-PHSENE   ', 'GI03FLMA-RIS01');
INSERT INTO instruments VALUES ('GI03FLMA-RIS01-03-DOSTAD   ', 'GI03FLMA-RIS01');
INSERT INTO instruments VALUES ('GI03FLMA-RIS02-01-ADCPSL   ', 'GI03FLMA-RIS02');
INSERT INTO instruments VALUES ('GI03FLMA-RIS02-02-ACOMM0   ', 'GI03FLMA-RIS02');
INSERT INTO instruments VALUES ('GI03FLMA-RIS02-03-CTDMOG   ', 'GI03FLMA-RIS02');
INSERT INTO instruments VALUES ('GI03FLMA-RIS02-04-CTDMOG   ', 'GI03FLMA-RIS02');
INSERT INTO instruments VALUES ('GI03FLMA-RIS02-05-CTDMOG   ', 'GI03FLMA-RIS02');
INSERT INTO instruments VALUES ('GI03FLMA-RIS02-06-CTDMOG   ', 'GI03FLMA-RIS02');
INSERT INTO instruments VALUES ('GI03FLMA-RIS02-07-CTDMOG   ', 'GI03FLMA-RIS02');
INSERT INTO instruments VALUES ('GI03FLMA-RIS02-08-CTDMOG   ', 'GI03FLMA-RIS02');
INSERT INTO instruments VALUES ('GI03FLMA-RIS02-09-CTDMOG   ', 'GI03FLMA-RIS02');
INSERT INTO instruments VALUES ('GI03FLMA-RIS02-10-CTDMOG   ', 'GI03FLMA-RIS02');
INSERT INTO instruments VALUES ('GI03FLMA-RIS02-11-CTDMOG   ', 'GI03FLMA-RIS02');
INSERT INTO instruments VALUES ('GI03FLMA-RIS02-12-CTDMOH   ', 'GI03FLMA-RIS02');
INSERT INTO instruments VALUES ('GI03FLMA-RIS02-13-CTDMOH   ', 'GI03FLMA-RIS02');
INSERT INTO instruments VALUES ('GI03FLMA-RIS02-14-CTDMOH   ', 'GI03FLMA-RIS02');
INSERT INTO instruments VALUES ('GI03FLMA-RIS02-15-CTDMOH   ', 'GI03FLMA-RIS02');
INSERT INTO instruments VALUES ('GI03FLMA-RIS02-16-CTDMOH   ', 'GI03FLMA-RIS02');
INSERT INTO instruments VALUES ('GI03FLMA-RIS02-17-CTDMOH   ', 'GI03FLMA-RIS02');
INSERT INTO instruments VALUES ('GI03FLMA-RIS02-18-CTDMOH   ', 'GI03FLMA-RIS02');
INSERT INTO instruments VALUES ('GI03FLMA-RIS02-19-VELPTB   ', 'GI03FLMA-RIS02');
INSERT INTO instruments VALUES ('GI03FLMA-RIS02-20-VELPTB   ', 'GI03FLMA-RIS02');
INSERT INTO instruments VALUES ('GI03FLMA-RIS02-21-VELPTB   ', 'GI03FLMA-RIS02');
INSERT INTO instruments VALUES ('GI03FLMA-RIS02-22-VELPTB   ', 'GI03FLMA-RIS02');
INSERT INTO instruments VALUES ('GI03FLMB-RIS01-01-FLORTD   ', 'GI03FLMB-RIS01');
INSERT INTO instruments VALUES ('GI03FLMB-RIS01-02-PHSENE   ', 'GI03FLMB-RIS01');
INSERT INTO instruments VALUES ('GI03FLMB-RIS01-03-DOSTAD   ', 'GI03FLMB-RIS01');
INSERT INTO instruments VALUES ('GI03FLMB-RIS02-01-ADCPSL   ', 'GI03FLMB-RIS02');
INSERT INTO instruments VALUES ('GI03FLMB-RIS02-02-ACOMM0   ', 'GI03FLMB-RIS02');
INSERT INTO instruments VALUES ('GI03FLMB-RIS02-03-CTDMOG   ', 'GI03FLMB-RIS02');
INSERT INTO instruments VALUES ('GI03FLMB-RIS02-04-CTDMOG   ', 'GI03FLMB-RIS02');
INSERT INTO instruments VALUES ('GI03FLMB-RIS02-05-CTDMOG   ', 'GI03FLMB-RIS02');
INSERT INTO instruments VALUES ('GI03FLMB-RIS02-06-CTDMOG   ', 'GI03FLMB-RIS02');
INSERT INTO instruments VALUES ('GI03FLMB-RIS02-07-CTDMOG   ', 'GI03FLMB-RIS02');
INSERT INTO instruments VALUES ('GI03FLMB-RIS02-08-CTDMOG   ', 'GI03FLMB-RIS02');
INSERT INTO instruments VALUES ('GI03FLMB-RIS02-09-CTDMOG   ', 'GI03FLMB-RIS02');
INSERT INTO instruments VALUES ('GI03FLMB-RIS02-10-CTDMOG   ', 'GI03FLMB-RIS02');
INSERT INTO instruments VALUES ('GI03FLMB-RIS02-11-CTDMOG   ', 'GI03FLMB-RIS02');
INSERT INTO instruments VALUES ('GI03FLMB-RIS02-12-CTDMOH   ', 'GI03FLMB-RIS02');
INSERT INTO instruments VALUES ('GI03FLMB-RIS02-13-CTDMOH   ', 'GI03FLMB-RIS02');
INSERT INTO instruments VALUES ('GI03FLMB-RIS02-14-CTDMOH   ', 'GI03FLMB-RIS02');
INSERT INTO instruments VALUES ('GI03FLMB-RIS02-15-CTDMOH   ', 'GI03FLMB-RIS02');
INSERT INTO instruments VALUES ('GI03FLMB-RIS02-16-CTDMOH   ', 'GI03FLMB-RIS02');
INSERT INTO instruments VALUES ('GI03FLMB-RIS02-17-CTDMOH   ', 'GI03FLMB-RIS02');
INSERT INTO instruments VALUES ('GI03FLMB-RIS02-18-CTDMOH   ', 'GI03FLMB-RIS02');
INSERT INTO instruments VALUES ('GI03FLMB-RIS02-19-VELPTB   ', 'GI03FLMB-RIS02');
INSERT INTO instruments VALUES ('GI03FLMB-RIS02-20-VELPTB   ', 'GI03FLMB-RIS02');
INSERT INTO instruments VALUES ('GI03FLMB-RIS02-21-VELPTB   ', 'GI03FLMB-RIS02');
INSERT INTO instruments VALUES ('GI03FLMB-RIS02-22-VELPTB   ', 'GI03FLMB-RIS02');
INSERT INTO instruments VALUES ('GI05MOAS-GL001-01-FLORDM000', 'GI05MOAS-GL001');
INSERT INTO instruments VALUES ('GI05MOAS-GL001-02-DOSTAM000', 'GI05MOAS-GL001');
INSERT INTO instruments VALUES ('GI05MOAS-GL001-03-ACOMMM000', 'GI05MOAS-GL001');
INSERT INTO instruments VALUES ('GI05MOAS-GL001-04-CTDGVM000', 'GI05MOAS-GL001');
INSERT INTO instruments VALUES ('GI05MOAS-GL003-01-FLORDM000', 'GI05MOAS-GL003');
INSERT INTO instruments VALUES ('GI05MOAS-GL003-02-DOSTAM000', 'GI05MOAS-GL003');
INSERT INTO instruments VALUES ('GI05MOAS-GL003-03-ACOMMM000', 'GI05MOAS-GL003');
INSERT INTO instruments VALUES ('GI05MOAS-GL003-04-CTDGVM000', 'GI05MOAS-GL003');
INSERT INTO instruments VALUES ('GI05MOAS-PG001-01-CTDGVM000', 'GI05MOAS-PG001');
INSERT INTO instruments VALUES ('GI05MOAS-PG001-02-DOSTAM000', 'GI05MOAS-PG001');
INSERT INTO instruments VALUES ('GI05MOAS-PG001-03-NUTNRM000', 'GI05MOAS-PG001');
INSERT INTO instruments VALUES ('GI05MOAS-PG002-01-CTDGVM000', 'GI05MOAS-PG002');
INSERT INTO instruments VALUES ('GI05MOAS-PG002-02-FLORDM000', 'GI05MOAS-PG002');
INSERT INTO instruments VALUES ('GI05MOAS-PG002-03-OPTAAM000', 'GI05MOAS-PG002');
INSERT INTO instruments VALUES ('GI05MOAS-PG002-04-PARADM000', 'GI05MOAS-PG002');
INSERT INTO instruments VALUES ('CP04OSSM-MFD35-02-PRESFC000', 'CP04OSSM-MFD35');
INSERT INTO instruments VALUES ('CP04OSSM-MFD35-04-VELPTB000', 'CP04OSSM-MFD35');
INSERT INTO instruments VALUES ('CP04OSSM-MFD35-05-PCO2WB000', 'CP04OSSM-MFD35');
INSERT INTO instruments VALUES ('CP04OSSM-MFD35-06-PHSEND000', 'CP04OSSM-MFD35');
INSERT INTO instruments VALUES ('CP04OSSM-MFD37-01-OPTAAD000', 'CP04OSSM-MFD37');
INSERT INTO instruments VALUES ('CP04OSSM-MFD37-03-CTDBPE000', 'CP04OSSM-MFD37');
INSERT INTO instruments VALUES ('CP04OSSM-MFD37-04-DOSTAD000', 'CP04OSSM-MFD37');
INSERT INTO instruments VALUES ('CP04OSSM-MFD00-00-ZPLSCC000', 'CP04OSSM-MFD00');
INSERT INTO instruments VALUES ('CP04OSPM-SBS11-02-MOPAK0000', 'CP04OSPM-SBS11');
INSERT INTO instruments VALUES ('CP04OSPM-WFP01-01-VEL3DK000', 'CP04OSPM-WFP01');
INSERT INTO instruments VALUES ('CP04OSPM-WFP01-02-DOFSTK000', 'CP04OSPM-WFP01');
INSERT INTO instruments VALUES ('CP04OSPM-WFP01-03-CTDPFK000', 'CP04OSPM-WFP01');
INSERT INTO instruments VALUES ('CP04OSPM-WFP01-04-FLORTK000', 'CP04OSPM-WFP01');
INSERT INTO instruments VALUES ('CP04OSPM-WFP01-05-PARADK000', 'CP04OSPM-WFP01');
INSERT INTO instruments VALUES ('CP02PMUI-SBS01-01-MOPAK0000', 'CP02PMUI-SBS01');
INSERT INTO instruments VALUES ('CP02PMUI-RII01-02-ADCPTG000', 'CP02PMUI-RII01');
INSERT INTO instruments VALUES ('CP02PMUI-WFP01-01-VEL3DK000', 'CP02PMUI-WFP01');
INSERT INTO instruments VALUES ('CP02PMUI-WFP01-02-DOFSTK000', 'CP02PMUI-WFP01');
INSERT INTO instruments VALUES ('CP02PMUI-WFP01-03-CTDPFK000', 'CP02PMUI-WFP01');
INSERT INTO instruments VALUES ('CP02PMUI-WFP01-04-FLORTK000', 'CP02PMUI-WFP01');
INSERT INTO instruments VALUES ('CP02PMUI-WFP01-05-PARADK000', 'CP02PMUI-WFP01');
INSERT INTO instruments VALUES ('CP02PMUO-SBS01-01-MOPAK0000', 'CP02PMUO-SBS01');
INSERT INTO instruments VALUES ('CP02PMUO-RII01-02-ADCPSL000', 'CP02PMUO-RII01');
INSERT INTO instruments VALUES ('CP02PMUO-WFP01-01-VEL3DK000', 'CP02PMUO-WFP01');
INSERT INTO instruments VALUES ('CP02PMUO-WFP01-02-DOFSTK000', 'CP02PMUO-WFP01');
INSERT INTO instruments VALUES ('CP02PMUO-WFP01-03-CTDPFK000', 'CP02PMUO-WFP01');
INSERT INTO instruments VALUES ('CP02PMUO-WFP01-04-FLORTK000', 'CP02PMUO-WFP01');
INSERT INTO instruments VALUES ('CP02PMUO-WFP01-05-PARADK000', 'CP02PMUO-WFP01');
INSERT INTO instruments VALUES ('CP02PMCI-SBS01-01-MOPAK0000', 'CP02PMCI-SBS01');
INSERT INTO instruments VALUES ('CP02PMCI-RII01-02-ADCPTG000', 'CP02PMCI-RII01');
INSERT INTO instruments VALUES ('CP02PMCI-WFP01-01-VEL3DK000', 'CP02PMCI-WFP01');
INSERT INTO instruments VALUES ('CP02PMCI-WFP01-02-DOFSTK000', 'CP02PMCI-WFP01');
INSERT INTO instruments VALUES ('CP02PMCI-WFP01-03-CTDPFK000', 'CP02PMCI-WFP01');
INSERT INTO instruments VALUES ('CP02PMCI-WFP01-04-FLORTK000', 'CP02PMCI-WFP01');
INSERT INTO instruments VALUES ('CP02PMCI-WFP01-05-PARADK000', 'CP02PMCI-WFP01');
INSERT INTO instruments VALUES ('CP02PMCO-SBS01-01-MOPAK0000', 'CP02PMCO-SBS01');
INSERT INTO instruments VALUES ('CP02PMCO-RII01-02-ADCPTG000', 'CP02PMCO-RII01');
INSERT INTO instruments VALUES ('CP02PMCO-WFP01-01-VEL3DK000', 'CP02PMCO-WFP01');
INSERT INTO instruments VALUES ('CP02PMCO-WFP01-02-DOFSTK000', 'CP02PMCO-WFP01');
INSERT INTO instruments VALUES ('CP02PMCO-WFP01-03-CTDPFK000', 'CP02PMCO-WFP01');
INSERT INTO instruments VALUES ('CP02PMCO-WFP01-04-FLORTK000', 'CP02PMCO-WFP01');
INSERT INTO instruments VALUES ('CP02PMCO-WFP01-05-PARADK000', 'CP02PMCO-WFP01');
INSERT INTO instruments VALUES ('CP05MOAS-GL001-01-ADCPAM000', 'CP05MOAS-GL001');
INSERT INTO instruments VALUES ('CP05MOAS-GL001-02-FLORTM000', 'CP05MOAS-GL001');
INSERT INTO instruments VALUES ('CP05MOAS-GL001-03-CTDGVM000', 'CP05MOAS-GL001');
INSERT INTO instruments VALUES ('CP05MOAS-GL001-04-DOSTAM000', 'CP05MOAS-GL001');
INSERT INTO instruments VALUES ('CP05MOAS-GL001-05-PARADM000', 'CP05MOAS-GL001');
INSERT INTO instruments VALUES ('CP05MOAS-GL002-01-ADCPAM000', 'CP05MOAS-GL002');
INSERT INTO instruments VALUES ('CP05MOAS-GL002-02-FLORTM000', 'CP05MOAS-GL002');
INSERT INTO instruments VALUES ('CP05MOAS-GL002-03-CTDGVM000', 'CP05MOAS-GL002');
INSERT INTO instruments VALUES ('CP05MOAS-GL002-04-DOSTAM000', 'CP05MOAS-GL002');
INSERT INTO instruments VALUES ('CP05MOAS-GL002-05-PARADM000', 'CP05MOAS-GL002');
INSERT INTO instruments VALUES ('CP05MOAS-GL003-01-ADCPAM000', 'CP05MOAS-GL003');
INSERT INTO instruments VALUES ('CP05MOAS-GL003-02-FLORTM000', 'CP05MOAS-GL003');
INSERT INTO instruments VALUES ('CP05MOAS-GL003-03-CTDGVM000', 'CP05MOAS-GL003');
INSERT INTO instruments VALUES ('CP05MOAS-GL003-04-DOSTAM000', 'CP05MOAS-GL003');
INSERT INTO instruments VALUES ('CP05MOAS-GL003-05-PARADM000', 'CP05MOAS-GL003');
INSERT INTO instruments VALUES ('CP05MOAS-GL004-01-ADCPAM000', 'CP05MOAS-GL004');
INSERT INTO instruments VALUES ('CP05MOAS-GL004-02-FLORTM000', 'CP05MOAS-GL004');
INSERT INTO instruments VALUES ('CP05MOAS-GL004-03-CTDGVM000', 'CP05MOAS-GL004');
INSERT INTO instruments VALUES ('CP05MOAS-GL004-04-DOSTAM000', 'CP05MOAS-GL004');
INSERT INTO instruments VALUES ('CP05MOAS-GL004-05-PARADM000', 'CP05MOAS-GL004');
INSERT INTO instruments VALUES ('CP05MOAS-GL005-01-ADCPAM000', 'CP05MOAS-GL005');
INSERT INTO instruments VALUES ('CP05MOAS-GL005-02-FLORTM000', 'CP05MOAS-GL005');
INSERT INTO instruments VALUES ('CP05MOAS-GL005-03-CTDGVM000', 'CP05MOAS-GL005');
INSERT INTO instruments VALUES ('CP05MOAS-GL005-04-DOSTAM000', 'CP05MOAS-GL005');
INSERT INTO instruments VALUES ('CP05MOAS-GL005-05-PARADM000', 'CP05MOAS-GL005');
INSERT INTO instruments VALUES ('CP05MOAS-GL006-01-ADCPAM000', 'CP05MOAS-GL006');
INSERT INTO instruments VALUES ('CP05MOAS-GL006-02-FLORTM000', 'CP05MOAS-GL006');
INSERT INTO instruments VALUES ('CP05MOAS-GL006-03-CTDGVM000', 'CP05MOAS-GL006');
INSERT INTO instruments VALUES ('CP05MOAS-GL006-04-DOSTAM000', 'CP05MOAS-GL006');
INSERT INTO instruments VALUES ('CP05MOAS-GL006-05-PARADM000', 'CP05MOAS-GL006');
INSERT INTO instruments VALUES ('CP05MOAS-AV001-01-FLORTN000', 'CP05MOAS-AV001');
INSERT INTO instruments VALUES ('CP05MOAS-AV001-02-DOSTAN000', 'CP05MOAS-AV001');
INSERT INTO instruments VALUES ('CP05MOAS-AV001-03-CTDAVN000', 'CP05MOAS-AV001');
INSERT INTO instruments VALUES ('CP05MOAS-AV001-04-NUTNRN000', 'CP05MOAS-AV001');
INSERT INTO instruments VALUES ('CP05MOAS-AV001-05-ADCPAN000', 'CP05MOAS-AV001');
INSERT INTO instruments VALUES ('CP05MOAS-AV001-06-PARADN000', 'CP05MOAS-AV001');
INSERT INTO instruments VALUES ('CP05MOAS-AV002-01-FLORTN000', 'CP05MOAS-AV002');
INSERT INTO instruments VALUES ('CP05MOAS-AV002-02-DOSTAN000', 'CP05MOAS-AV002');
INSERT INTO instruments VALUES ('CP05MOAS-AV002-03-CTDAVN000', 'CP05MOAS-AV002');
INSERT INTO instruments VALUES ('CP05MOAS-AV002-04-NUTNRN000', 'CP05MOAS-AV002');
INSERT INTO instruments VALUES ('CP05MOAS-AV002-05-ADCPAN000', 'CP05MOAS-AV002');
INSERT INTO instruments VALUES ('CP05MOAS-AV002-06-PARADN000', 'CP05MOAS-AV002');
INSERT INTO instruments VALUES ('CE04OSSM-SBD11-01-MOPAK0000', 'CE04OSSM-SBD11');
INSERT INTO instruments VALUES ('CE04OSSM-SBD11-06-METBKA000', 'CE04OSSM-SBD11');
INSERT INTO instruments VALUES ('CE04OSSM-SBD11-04-VELPTA000', 'CE04OSSM-SBD11');
INSERT INTO instruments VALUES ('CE04OSSM-SBD12-04-PCO2AA000', 'CE04OSSM-SBD12');
INSERT INTO instruments VALUES ('CE04OSSM-SBD12-05-WAVSSA000', 'CE04OSSM-SBD12');
INSERT INTO instruments VALUES ('CE04OSSM-RID26-01-ADCPTC000', 'CE04OSSM-RID26');
INSERT INTO instruments VALUES ('CE04OSSM-RID26-04-VELPTA000', 'CE04OSSM-RID26');
INSERT INTO instruments VALUES ('CE04OSSM-RID26-05-ACOMM0000', 'CE04OSSM-RID26');
INSERT INTO instruments VALUES ('CE04OSSM-RID26-06-PHSEND000', 'CE04OSSM-RID26');
INSERT INTO instruments VALUES ('CE04OSSM-RID27-01-OPTAAD000', 'CE04OSSM-RID27');
INSERT INTO instruments VALUES ('CE04OSSM-RID27-02-FLORTD000', 'CE04OSSM-RID27');
INSERT INTO instruments VALUES ('CE04OSSM-RID27-03-CTDBPC000', 'CE04OSSM-RID27');
INSERT INTO instruments VALUES ('CE04OSSM-RID27-04-DOSTAD000', 'CE04OSSM-RID27');
INSERT INTO instruments VALUES ('CE04OSSM-RID27-07-NUTNRB000', 'CE04OSSM-RID27');
INSERT INTO instruments VALUES ('CE04OSSM-RID27-08-SPKIRB000', 'CE04OSSM-RID27');
INSERT INTO instruments VALUES ('CE04OSHY-PC01B-4C-PCO2WA105', 'CE04OSHY-PC01B');
INSERT INTO instruments VALUES ('CE04OSHY-PC01B-4B-PHSENA106', 'CE04OSHY-PC01B');
INSERT INTO instruments VALUES ('CE04OSHY-PC01B-05-ZPLSCB102', 'CE04OSHY-PC01B');
INSERT INTO instruments VALUES ('CE04OSHY-PC01B-4A-CTDPFA109', 'CE04OSHY-PC01B');
INSERT INTO instruments VALUES ('CE04OSHY-PC01B-4A-DOSTAD109', 'CE04OSHY-PC01B');
INSERT INTO instruments VALUES ('CE04OSHY-SF01B-2A-DOFSTA107', 'CE04OSHY-SF01B');
INSERT INTO instruments VALUES ('CE04OSHY-SF01B-3B-OPTAAD105', 'CE04OSHY-SF01B');
INSERT INTO instruments VALUES ('CE04OSHY-SF01B-4B-VELPTD106', 'CE04OSHY-SF01B');
INSERT INTO instruments VALUES ('CE04OSHY-SF01B-4A-NUTNRA102', 'CE04OSHY-SF01B');
INSERT INTO instruments VALUES ('CE04OSHY-SF01B-3D-SPKIRA102', 'CE04OSHY-SF01B');
INSERT INTO instruments VALUES ('CE04OSHY-SF01B-3A-FLORTD104', 'CE04OSHY-SF01B');
INSERT INTO instruments VALUES ('CE04OSHY-SF01B-2A-CTDPFA107', 'CE04OSHY-SF01B');
INSERT INTO instruments VALUES ('CE04OSHY-SF01B-4F-PCO2WA102', 'CE04OSHY-SF01B');
INSERT INTO instruments VALUES ('CE04OSHY-SF01B-3C-PARADA102', 'CE04OSHY-SF01B');
INSERT INTO instruments VALUES ('CE04OSHY-SF01B-2B-PHSENA108', 'CE04OSHY-SF01B');
INSERT INTO instruments VALUES ('CE04OSHY-DP01B-06-DOSTAD105', 'CE04OSHY-DP01B');
INSERT INTO instruments VALUES ('CE04OSHY-DP01B-02-VEL3DA105', 'CE04OSHY-DP01B');
INSERT INTO instruments VALUES ('CE04OSHY-DP01B-04-FLORTA103', 'CE04OSHY-DP01B');
INSERT INTO instruments VALUES ('CE04OSHY-DP01B-01-CTDPFL105', 'CE04OSHY-DP01B');
INSERT INTO instruments VALUES ('CE04OSBP-LJ01C-05-ADCPSI103', 'CE04OSBP-LJ01C');
INSERT INTO instruments VALUES ('CE04OSBP-LJ01C-06-CTDBPO108', 'CE04OSBP-LJ01C');
INSERT INTO instruments VALUES ('CE04OSBP-LJ01C-06-DOSTAD108', 'CE04OSBP-LJ01C');
INSERT INTO instruments VALUES ('CE04OSBP-LJ01C-07-VEL3DC107', 'CE04OSBP-LJ01C');
INSERT INTO instruments VALUES ('CE04OSBP-LJ01C-08-OPTAAC104', 'CE04OSBP-LJ01C');
INSERT INTO instruments VALUES ('CE04OSBP-LJ01C-09-PCO2WB104', 'CE04OSBP-LJ01C');
INSERT INTO instruments VALUES ('CE04OSBP-LJ01C-10-PHSEND107', 'CE04OSBP-LJ01C');
INSERT INTO instruments VALUES ('CE04OSBP-LJ01C-11-HYDBBA105', 'CE04OSBP-LJ01C');
INSERT INTO instruments VALUES ('CE04OSBP-LV01C-06-CAMDSB106', 'CE04OSBP-LV01C');
INSERT INTO instruments VALUES ('CE02SHSM-SBD11-01-MOPAK0000', 'CE02SHSM-SBD11');
INSERT INTO instruments VALUES ('CE02SHSM-SBD11-06-METBKA000', 'CE02SHSM-SBD11');
INSERT INTO instruments VALUES ('CE02SHSM-SBD11-04-VELPTA000', 'CE02SHSM-SBD11');
INSERT INTO instruments VALUES ('CE02SHSM-SBD12-04-PCO2AA000', 'CE02SHSM-SBD12');
INSERT INTO instruments VALUES ('CE02SHSM-SBD12-05-WAVSSA000', 'CE02SHSM-SBD12');
INSERT INTO instruments VALUES ('CE02SHSM-SBD12-08-FDCHPA000', 'CE02SHSM-SBD12');
INSERT INTO instruments VALUES ('CE02SHSM-RID26-01-ADCPTA000', 'CE02SHSM-RID26');
INSERT INTO instruments VALUES ('CE02SHSM-RID26-04-VELPTA000', 'CE02SHSM-RID26');
INSERT INTO instruments VALUES ('CE02SHSM-RID26-05-ACOMM0000', 'CE02SHSM-RID26');
INSERT INTO instruments VALUES ('CE02SHSM-RID26-06-PHSEND000', 'CE02SHSM-RID26');
INSERT INTO instruments VALUES ('CE02SHSM-RID27-01-OPTAAD000', 'CE02SHSM-RID27');
INSERT INTO instruments VALUES ('CE02SHSM-RID27-02-FLORTD000', 'CE02SHSM-RID27');
INSERT INTO instruments VALUES ('CE02SHSM-RID27-03-CTDBPC000', 'CE02SHSM-RID27');
INSERT INTO instruments VALUES ('CE02SHSM-RID27-04-DOSTAD000', 'CE02SHSM-RID27');
INSERT INTO instruments VALUES ('CE02SHSM-RID27-07-NUTNRB000', 'CE02SHSM-RID27');
INSERT INTO instruments VALUES ('CE02SHSM-RID27-08-SPKIRB000', 'CE02SHSM-RID27');
INSERT INTO instruments VALUES ('CE02SHSP-SP001-01-DOSTAJ   ', 'CE02SHSP-SP001');
INSERT INTO instruments VALUES ('CE02SHSP-SP001-02-VELPTJ   ', 'CE02SHSP-SP001');
INSERT INTO instruments VALUES ('CE02SHSP-SP001-03-PCO2W0   ', 'CE02SHSP-SP001');
INSERT INTO instruments VALUES ('CE02SHSP-SP001-04-OPTAAJ   ', 'CE02SHSP-SP001');
INSERT INTO instruments VALUES ('CE02SHSP-SP001-05-NUTNRJ   ', 'CE02SHSP-SP001');
INSERT INTO instruments VALUES ('CE02SHSP-SP001-06-SPKIRJ   ', 'CE02SHSP-SP001');
INSERT INTO instruments VALUES ('CE02SHSP-SP001-07-FLORTJ   ', 'CE02SHSP-SP001');
INSERT INTO instruments VALUES ('CE02SHSP-SP001-01-CTDPFJ   ', 'CE02SHSP-SP001');
INSERT INTO instruments VALUES ('CE02SHSP-SP001-08-PARADJ   ', 'CE02SHSP-SP001');
INSERT INTO instruments VALUES ('CE02SHBP-MJ01C-07-ZPLSCB101', 'CE02SHBP-MJ01C');
INSERT INTO instruments VALUES ('CE02SHBP-LJ01D-05-ADCPTB104', 'CE02SHBP-LJ01D');
INSERT INTO instruments VALUES ('CE02SHBP-LJ01D-06-CTDBPN106', 'CE02SHBP-LJ01D');
INSERT INTO instruments VALUES ('CE02SHBP-LJ01D-06-DOSTAD106', 'CE02SHBP-LJ01D');
INSERT INTO instruments VALUES ('CE02SHBP-LJ01D-07-VEL3DC108', 'CE02SHBP-LJ01D');
INSERT INTO instruments VALUES ('CE02SHBP-LJ01D-08-OPTAAD106', 'CE02SHBP-LJ01D');
INSERT INTO instruments VALUES ('CE02SHBP-LJ01D-09-PCO2WB103', 'CE02SHBP-LJ01D');
INSERT INTO instruments VALUES ('CE02SHBP-LJ01D-10-PHSEND103', 'CE02SHBP-LJ01D');
INSERT INTO instruments VALUES ('CE02SHBP-LJ01D-11-HYDBBA106', 'CE02SHBP-LJ01D');
INSERT INTO instruments VALUES ('CE02SHBP-MJ01C-08-CAMDSB107', 'CE02SHBP-MJ01C');
INSERT INTO instruments VALUES ('CE01ISSM-SBD17-01-MOPAK0000', 'CE01ISSM-SBD17');
INSERT INTO instruments VALUES ('CE01ISSM-SBD17-04-VELPTA000', 'CE01ISSM-SBD17');
INSERT INTO instruments VALUES ('CE01ISSM-RID16-01-OPTAAD000', 'CE01ISSM-RID16');
INSERT INTO instruments VALUES ('CE01ISSM-RID16-02-FLORTD000', 'CE01ISSM-RID16');
INSERT INTO instruments VALUES ('CE01ISSM-RID16-03-CTDBPC001', 'CE01ISSM-RID16');
INSERT INTO instruments VALUES ('CE01ISSM-RID16-03-DOSTAD002', 'CE01ISSM-RID16');
INSERT INTO instruments VALUES ('CE01ISSM-RID16-04-VELPTA000', 'CE01ISSM-RID16');
INSERT INTO instruments VALUES ('CE01ISSM-RID16-05-PCO2WB000', 'CE01ISSM-RID16');
INSERT INTO instruments VALUES ('CE01ISSM-RID16-06-PHSEND000', 'CE01ISSM-RID16');
INSERT INTO instruments VALUES ('CE01ISSM-RID16-07-NUTNRB000', 'CE01ISSM-RID16');
INSERT INTO instruments VALUES ('CE01ISSM-RID16-08-SPKIRB000', 'CE01ISSM-RID16');
INSERT INTO instruments VALUES ('CE01ISSM-RID16-00-ACOMM0000', 'CE01ISSM-RID16');
INSERT INTO instruments VALUES ('CE01ISSM-MFD35-01-VEL3DD000', 'CE01ISSM-MFD35');
INSERT INTO instruments VALUES ('CE01ISSM-MFD35-02-PRESFA000', 'CE01ISSM-MFD35');
INSERT INTO instruments VALUES ('CE01ISSM-MFD35-04-ADCPTM000', 'CE01ISSM-MFD35');
INSERT INTO instruments VALUES ('CE01ISSM-MFD35-05-PCO2WB000', 'CE01ISSM-MFD35');
INSERT INTO instruments VALUES ('CE01ISSM-MFD35-06-PHSEND000', 'CE01ISSM-MFD35');
INSERT INTO instruments VALUES ('CE01ISSM-MFD37-01-OPTAAD000', 'CE01ISSM-MFD37');
INSERT INTO instruments VALUES ('CE01ISSM-MFD37-03-CTDBPC000', 'CE01ISSM-MFD37');
INSERT INTO instruments VALUES ('CE01ISSM-MFD37-04-DOSTAD000', 'CE01ISSM-MFD37');
INSERT INTO instruments VALUES ('CE01ISSM-MFD00-00-CAMDSA000', 'CE01ISSM-MFD00');
INSERT INTO instruments VALUES ('CE01ISSM-MFD00-00-ZPLSCC000', 'CE01ISSM-MFD00');
INSERT INTO instruments VALUES ('CE01ISSP-PL001-01-ACOMM0   ', 'CE01ISSP-PL001');
INSERT INTO instruments VALUES ('CE01ISSP-SP001-02-DOSTAJ   ', 'CE01ISSP-SP001');
INSERT INTO instruments VALUES ('CE01ISSP-SP001-03-PCO2W0   ', 'CE01ISSP-SP001');
INSERT INTO instruments VALUES ('CE01ISSP-SP001-04-OPTAAJ   ', 'CE01ISSP-SP001');
INSERT INTO instruments VALUES ('CE01ISSP-SP001-05-VELPTJ   ', 'CE01ISSP-SP001');
INSERT INTO instruments VALUES ('CE01ISSP-SP001-06-NUTNRJ   ', 'CE01ISSP-SP001');
INSERT INTO instruments VALUES ('CE01ISSP-SP001-07-SPKIRJ   ', 'CE01ISSP-SP001');
INSERT INTO instruments VALUES ('CE01ISSP-SP001-08-FLORTJ   ', 'CE01ISSP-SP001');
INSERT INTO instruments VALUES ('CE01ISSP-SP001-09-CTDPFJ   ', 'CE01ISSP-SP001');
INSERT INTO instruments VALUES ('CE01ISSP-SP001-10-PARADJ   ', 'CE01ISSP-SP001');
INSERT INTO instruments VALUES ('CE09OSSM-SBD11-01-MOPAK0000', 'CE09OSSM-SBD11');
INSERT INTO instruments VALUES ('CE09OSSM-SBD11-06-METBKA000', 'CE09OSSM-SBD11');
INSERT INTO instruments VALUES ('CE09OSSM-SBD11-04-VELPTA000', 'CE09OSSM-SBD11');
INSERT INTO instruments VALUES ('CE09OSSM-SBD12-04-PCO2AA000', 'CE09OSSM-SBD12');
INSERT INTO instruments VALUES ('CE09OSSM-SBD12-05-WAVSSA000', 'CE09OSSM-SBD12');
INSERT INTO instruments VALUES ('CE09OSSM-RID26-01-ADCPTC000', 'CE09OSSM-RID26');
INSERT INTO instruments VALUES ('CE09OSSM-RID26-04-VELPTA000', 'CE09OSSM-RID26');
INSERT INTO instruments VALUES ('CE09OSSM-RID26-05-ACOMM0000', 'CE09OSSM-RID26');
INSERT INTO instruments VALUES ('CE09OSSM-RID26-06-PHSEND000', 'CE09OSSM-RID26');
INSERT INTO instruments VALUES ('CE09OSSM-RID27-01-OPTAAD000', 'CE09OSSM-RID27');
INSERT INTO instruments VALUES ('CE09OSSM-RID27-02-FLORTD000', 'CE09OSSM-RID27');
INSERT INTO instruments VALUES ('CE09OSSM-RID27-03-CTDBPC000', 'CE09OSSM-RID27');
INSERT INTO instruments VALUES ('CE09OSSM-RID27-04-DOSTAD000', 'CE09OSSM-RID27');
INSERT INTO instruments VALUES ('CE09OSSM-RID27-07-NUTNRB000', 'CE09OSSM-RID27');
INSERT INTO instruments VALUES ('CE09OSSM-RID27-08-SPKIRB000', 'CE09OSSM-RID27');
INSERT INTO instruments VALUES ('CE09OSSM-MFD35-01-VEL3DD000', 'CE09OSSM-MFD35');
INSERT INTO instruments VALUES ('CE09OSSM-MFD35-02-PRESFC000', 'CE09OSSM-MFD35');
INSERT INTO instruments VALUES ('CE09OSSM-MFD35-04-ADCPSJ000', 'CE09OSSM-MFD35');
INSERT INTO instruments VALUES ('CE09OSSM-MFD35-05-PCO2WB000', 'CE09OSSM-MFD35');
INSERT INTO instruments VALUES ('CE09OSSM-MFD35-06-PHSEND000', 'CE09OSSM-MFD35');
INSERT INTO instruments VALUES ('CE09OSSM-MFD37-01-OPTAAC000', 'CE09OSSM-MFD37');
INSERT INTO instruments VALUES ('CE09OSSM-MFD37-03-CTDBPE000', 'CE09OSSM-MFD37');
INSERT INTO instruments VALUES ('CE09OSSM-MFD37-04-DOSTAD000', 'CE09OSSM-MFD37');
INSERT INTO instruments VALUES ('CE09OSSM-MFD37-00-ZPLSCC000', 'CE09OSSM-MFD37');
INSERT INTO instruments VALUES ('CE09OSSM-MFD00-00-CAMDSA000', 'CE09OSSM-MFD00');
INSERT INTO instruments VALUES ('CE09OSPM-WF001-01-VEL3DK000', 'CE09OSPM-WF001');
INSERT INTO instruments VALUES ('CE09OSPM-WF001-02-DOFSTK000', 'CE09OSPM-WF001');
INSERT INTO instruments VALUES ('CE09OSPM-WF001-03-CTDPFK000', 'CE09OSPM-WF001');
INSERT INTO instruments VALUES ('CE09OSPM-WF001-04-FLORTK000', 'CE09OSPM-WF001');
INSERT INTO instruments VALUES ('CE09OSPM-WF001-05-PARADK000', 'CE09OSPM-WF001');
INSERT INTO instruments VALUES ('CE07SHSM-SBD11-01-MOPAK0000', 'CE07SHSM-SBD11');
INSERT INTO instruments VALUES ('CE07SHSM-SBD11-06-METBKA000', 'CE07SHSM-SBD11');
INSERT INTO instruments VALUES ('CE07SHSM-SBD11-04-PCO2AA000', 'CE07SHSM-SBD11');
INSERT INTO instruments VALUES ('CE07SHSM-SBD12-04-VELPTA000', 'CE07SHSM-SBD12');
INSERT INTO instruments VALUES ('CE07SHSM-SBD12-05-WAVSSA000', 'CE07SHSM-SBD12');
INSERT INTO instruments VALUES ('CE07SHSM-RID26-01-ADCPTA000', 'CE07SHSM-RID26');
INSERT INTO instruments VALUES ('CE07SHSM-RID26-04-VELPTA000', 'CE07SHSM-RID26');
INSERT INTO instruments VALUES ('CE07SHSM-RID26-05-ACOMM0000', 'CE07SHSM-RID26');
INSERT INTO instruments VALUES ('CE07SHSM-RID26-06-PHSEND000', 'CE07SHSM-RID26');
INSERT INTO instruments VALUES ('CE07SHSM-RID27-01-OPTAAD000', 'CE07SHSM-RID27');
INSERT INTO instruments VALUES ('CE07SHSM-RID27-02-FLORTD000', 'CE07SHSM-RID27');
INSERT INTO instruments VALUES ('CE07SHSM-RID27-03-CTDBPC000', 'CE07SHSM-RID27');
INSERT INTO instruments VALUES ('CE07SHSM-RID27-04-DOSTAD000', 'CE07SHSM-RID27');
INSERT INTO instruments VALUES ('CE07SHSM-RID27-07-NUTNRB000', 'CE07SHSM-RID27');
INSERT INTO instruments VALUES ('CE07SHSM-RID27-08-SPKIRB000', 'CE07SHSM-RID27');
INSERT INTO instruments VALUES ('CE07SHSM-MFD35-01-VEL3DD000', 'CE07SHSM-MFD35');
INSERT INTO instruments VALUES ('CE07SHSM-MFD35-02-PRESFB000', 'CE07SHSM-MFD35');
INSERT INTO instruments VALUES ('CE07SHSM-MFD35-04-ADCPTC000', 'CE07SHSM-MFD35');
INSERT INTO instruments VALUES ('CE07SHSM-MFD35-05-PCO2WB000', 'CE07SHSM-MFD35');
INSERT INTO instruments VALUES ('CE07SHSM-MFD35-06-PHSEND000', 'CE07SHSM-MFD35');
INSERT INTO instruments VALUES ('CE07SHSM-MFD37-01-OPTAAD000', 'CE07SHSM-MFD37');
INSERT INTO instruments VALUES ('CE07SHSM-MFD37-03-CTDBPC000', 'CE07SHSM-MFD37');
INSERT INTO instruments VALUES ('CE07SHSM-MFD37-04-DOSTAD000', 'CE07SHSM-MFD37');
INSERT INTO instruments VALUES ('CE07SHSM-MFD00-00-CAMDSA000', 'CE07SHSM-MFD00');
INSERT INTO instruments VALUES ('CE07SHSM-MFD00-00-ZPLSCC000', 'CE07SHSM-MFD00');
INSERT INTO instruments VALUES ('CE07SHSP-PL001-01-ACOMM0   ', 'CE07SHSP-PL001');
INSERT INTO instruments VALUES ('CE07SHSP-SP001-01-DOSTAJ   ', 'CE07SHSP-PL001');
INSERT INTO instruments VALUES ('CE07SHSP-SP001-02-VELPTJ   ', 'CE07SHSP-PL001');
INSERT INTO instruments VALUES ('CE07SHSP-SP001-03-PCO2W0   ', 'CE07SHSP-PL001');
INSERT INTO instruments VALUES ('CE07SHSP-SP001-04-OPTAAJ   ', 'CE07SHSP-PL001');
INSERT INTO instruments VALUES ('CE07SHSP-SP001-05-NUTNRJ   ', 'CE07SHSP-PL001');
INSERT INTO instruments VALUES ('CE07SHSP-SP001-06-SPKIRJ   ', 'CE07SHSP-PL001');
INSERT INTO instruments VALUES ('CE07SHSP-SP001-07-FLORTJ   ', 'CE07SHSP-PL001');
INSERT INTO instruments VALUES ('CE07SHSP-SP001-08-CTDPFJ   ', 'CE07SHSP-PL001');
INSERT INTO instruments VALUES ('CE07SHSP-SP001-09-PARADJ   ', 'CE07SHSP-PL001');
INSERT INTO instruments VALUES ('CE06ISSM-SBD17-01-MOPAK0000', 'CE06ISSM-SBD17');
INSERT INTO instruments VALUES ('CE06ISSM-SBD17-04-VELPTA000', 'CE06ISSM-SBD17');
INSERT INTO instruments VALUES ('CE06ISSM-RID16-01-OPTAAD000', 'CE06ISSM-RID16');
INSERT INTO instruments VALUES ('CE06ISSM-RID16-02-FLORTD000', 'CE06ISSM-RID16');
INSERT INTO instruments VALUES ('CE06ISSM-RID16-03-CTDBPC000', 'CE06ISSM-RID16');
INSERT INTO instruments VALUES ('CE06ISSM-RID16-03-DOSTAD000', 'CE06ISSM-RID16');
INSERT INTO instruments VALUES ('CE06ISSM-RID16-04-VELPTA000', 'CE06ISSM-RID16');
INSERT INTO instruments VALUES ('CE06ISSM-RID16-05-PCO2WB000', 'CE06ISSM-RID16');
INSERT INTO instruments VALUES ('CE06ISSM-RID16-06-PHSEND000', 'CE06ISSM-RID16');
INSERT INTO instruments VALUES ('CE06ISSM-RID16-07-NUTNRB000', 'CE06ISSM-RID16');
INSERT INTO instruments VALUES ('CE06ISSM-RID16-08-SPKIRB000', 'CE06ISSM-RID16');
INSERT INTO instruments VALUES ('CE06ISSM-RID16-00-ACOMM0000', 'CE06ISSM-RID16');
INSERT INTO instruments VALUES ('CE06ISSM-MFD35-01-VEL3DD000', 'CE06ISSM-MFD35');
INSERT INTO instruments VALUES ('CE06ISSM-MFD35-02-PRESFA000', 'CE06ISSM-MFD35');
INSERT INTO instruments VALUES ('CE06ISSM-MFD35-04-ADCPTM000', 'CE06ISSM-MFD35');
INSERT INTO instruments VALUES ('CE06ISSM-MFD35-05-PCO2WB000', 'CE06ISSM-MFD35');
INSERT INTO instruments VALUES ('CE06ISSM-MFD35-06-PHSEND000', 'CE06ISSM-MFD35');
INSERT INTO instruments VALUES ('CE06ISSM-MFD37-01-OPTAAD000', 'CE06ISSM-MFD37');
INSERT INTO instruments VALUES ('CE06ISSM-MFD37-03-CTDBPC000', 'CE06ISSM-MFD37');
INSERT INTO instruments VALUES ('CE06ISSM-MFD37-04-DOSTAD000', 'CE06ISSM-MFD37');
INSERT INTO instruments VALUES ('CE06ISSM-MFD00-00-CAMDSA000', 'CE06ISSM-MFD00');
INSERT INTO instruments VALUES ('CE06ISSM-MFD00-00-ZPLSCC000', 'CE06ISSM-MFD00');
INSERT INTO instruments VALUES ('CE06ISSP-PL001-01-ACOMM0   ', 'CE06ISSP-PL001');
INSERT INTO instruments VALUES ('CE06ISSP-SP001-02-DOSTAJ   ', 'CE06ISSP-PL001');
INSERT INTO instruments VALUES ('CE06ISSP-SP001-03-PCO2W0   ', 'CE06ISSP-PL001');
INSERT INTO instruments VALUES ('CE06ISSP-SP001-04-OPTAAJ   ', 'CE06ISSP-PL001');
INSERT INTO instruments VALUES ('CE06ISSP-SP001-05-VELPTJ   ', 'CE06ISSP-PL001');
INSERT INTO instruments VALUES ('CE06ISSP-SP001-06-NUTNRJ   ', 'CE06ISSP-PL001');
INSERT INTO instruments VALUES ('CE06ISSP-SP001-07-SPKIRJ   ', 'CE06ISSP-PL001');
INSERT INTO instruments VALUES ('CE06ISSP-SP001-08-FLORTJ   ', 'CE06ISSP-PL001');
INSERT INTO instruments VALUES ('CE06ISSP-SP001-09-CTDPFJ   ', 'CE06ISSP-PL001');
INSERT INTO instruments VALUES ('CE06ISSP-SP001-10-PARADJ   ', 'CE06ISSP-PL001');
INSERT INTO instruments VALUES ('CE05MOAS-GL001-01-PARADM000', 'CE05MOAS-GL001');
INSERT INTO instruments VALUES ('CE05MOAS-GL001-02-FLORTM000', 'CE05MOAS-GL001');
INSERT INTO instruments VALUES ('CE05MOAS-GL001-03-ADCPAM000', 'CE05MOAS-GL001');
INSERT INTO instruments VALUES ('CE05MOAS-GL001-04-DOSTAM000', 'CE05MOAS-GL001');
INSERT INTO instruments VALUES ('CE05MOAS-GL001-05-CTDGVM000', 'CE05MOAS-GL001');
INSERT INTO instruments VALUES ('CE05MOAS-GL002-01-PARADM000', 'CE05MOAS-GL002');
INSERT INTO instruments VALUES ('CE05MOAS-GL002-02-FLORTM000', 'CE05MOAS-GL002');
INSERT INTO instruments VALUES ('CE05MOAS-GL002-03-ADCPAM000', 'CE05MOAS-GL002');
INSERT INTO instruments VALUES ('CE05MOAS-GL002-04-DOSTAM000', 'CE05MOAS-GL002');
INSERT INTO instruments VALUES ('CE05MOAS-GL002-05-CTDGVM000', 'CE05MOAS-GL002');
INSERT INTO instruments VALUES ('CE05MOAS-GL003-01-PARADM000', 'CE05MOAS-GL003');
INSERT INTO instruments VALUES ('CE05MOAS-GL003-02-FLORTM000', 'CE05MOAS-GL003');
INSERT INTO instruments VALUES ('CE05MOAS-GL003-03-ADCPAM000', 'CE05MOAS-GL003');
INSERT INTO instruments VALUES ('CE05MOAS-GL003-04-DOSTAM000', 'CE05MOAS-GL003');
INSERT INTO instruments VALUES ('CE05MOAS-GL003-05-CTDGVM000', 'CE05MOAS-GL003');
INSERT INTO instruments VALUES ('CE05MOAS-GL004-01-PARADM000', 'CE05MOAS-GL004');
INSERT INTO instruments VALUES ('CE05MOAS-GL004-02-FLORTM000', 'CE05MOAS-GL004');
INSERT INTO instruments VALUES ('CE05MOAS-GL004-03-ADCPAM000', 'CE05MOAS-GL004');
INSERT INTO instruments VALUES ('CE05MOAS-GL004-04-DOSTAM000', 'CE05MOAS-GL004');
INSERT INTO instruments VALUES ('CE05MOAS-GL004-05-CTDGVM000', 'CE05MOAS-GL004');
INSERT INTO instruments VALUES ('CE05MOAS-GL005-01-PARADM000', 'CE05MOAS-GL005');
INSERT INTO instruments VALUES ('CE05MOAS-GL005-02-FLORTM000', 'CE05MOAS-GL005');
INSERT INTO instruments VALUES ('CE05MOAS-GL005-03-ADCPAM000', 'CE05MOAS-GL005');
INSERT INTO instruments VALUES ('CE05MOAS-GL005-04-DOSTAM000', 'CE05MOAS-GL005');
INSERT INTO instruments VALUES ('CE05MOAS-GL005-05-CTDGVM000', 'CE05MOAS-GL005');
INSERT INTO instruments VALUES ('CE05MOAS-GL006-01-PARADM000', 'CE05MOAS-GL006');
INSERT INTO instruments VALUES ('CE05MOAS-GL006-02-FLORTM000', 'CE05MOAS-GL006');
INSERT INTO instruments VALUES ('CE05MOAS-GL006-03-ADCPAM000', 'CE05MOAS-GL006');
INSERT INTO instruments VALUES ('CE05MOAS-GL006-04-DOSTAM000', 'CE05MOAS-GL006');
INSERT INTO instruments VALUES ('CE05MOAS-GL006-05-CTDGVM000', 'CE05MOAS-GL006');